
-- naver movie DML

-- 영화 목록
INSERT INTO tblMovie (seq,movieName, openCountry, viewAge, engName, likeNum, directorSeq, runningTime, cCompany, dCompany, openDate,audienceNum)
	values(1,'인생은 아름다워','국내','12세','Life is Beautiful',7024,1,122,1,1,'2022-09-28',879950);
INSERT INTO tblMovie (seq,movieName, openCountry, viewAge, engName, likeNum, directorSeq, runningTime, cCompany, dCompany, openDate,audienceNum)
	values(2,'에브리씽 에브리웨어 올 앳 원스','국외','15세','Everything Everywhere All At Once',1075,2,139,2,2,'2022-10-12',70710);
INSERT INTO tblMovie (seq,movieName, openCountry, viewAge, engName, likeNum, directorSeq, runningTime, cCompany, dCompany, openDate,audienceNum)
	values(3,'블랙 아담','국외','12세','Black Adam',943,3,125,3,3,'2022-10-19',68816);
INSERT INTO tblMovie (seq,movieName, openCountry, viewAge, engName, likeNum, directorSeq, runningTime, cCompany, dCompany, openDate,audienceNum)
	values(4,'공조2:인터내셔날','국내','15세','Confidential Assignment2:International',10629,4,129,4,4,'2022-09-07',6813239);
INSERT INTO tblMovie (seq,movieName, openCountry, viewAge, engName, likeNum, directorSeq, runningTime, cCompany, dCompany, openDate,audienceNum)
	values(5,'오펀:천사의 탄생','국외','15세','Orphan: First Kill',676,5,96,5,3,'2022-10-12',119572);
INSERT INTO tblMovie (seq,movieName, openCountry, viewAge, engName, likeNum, directorSeq, runningTime, cCompany, dCompany, openDate,audienceNum)
	values(6,'대무가','국내','15세','DAEMUGA',883,6,108,6,6,'2022-10-12',54799);
INSERT INTO tblMovie (seq,movieName, openCountry, viewAge, engName, likeNum, directorSeq, runningTime, cCompany, dCompany, openDate,audienceNum)
	values(7,'컴백홈','국내','15세','Come Back Home',886,7,119,7,7,'2022-10-05',46895);
INSERT INTO tblMovie (seq,movieName, openCountry, viewAge, engName, likeNum, directorSeq, runningTime, cCompany, dCompany, openDate,audienceNum)
	values(8,'정직한 후보2','국내','12세','Honest Candidate 2',2714,8,107,8,8,'2022-09-28',855915);
INSERT INTO tblMovie (seq,movieName, openCountry, viewAge, engName, likeNum, directorSeq, runningTime, cCompany, dCompany, openDate,audienceNum)
	values(9,'스마일','국외','청소년 관람불가','Smile',2714,9,115,9,1,'2022-10-06',89254);
INSERT INTO tblMovie (seq,movieName, openCountry, viewAge, engName, likeNum, directorSeq, runningTime, cCompany, dCompany, openDate,audienceNum)
	values(10,'리멤버','국내','15세','REMEMBER',2398,10,128,10,9,'2022-10-26',null);
INSERT INTO tblMovie (seq,movieName, openCountry, viewAge, engName, likeNum, directorSeq, runningTime, cCompany, dCompany, openDate,audienceNum)
	values(11,'극장판 짱구는 못말려:수수께끼!꽃피는천하떡잎학교','국외','전체 관람',null,2218,11,105,11,4,'2022-09-28',570961);
INSERT INTO tblMovie (seq,movieName, openCountry, viewAge, engName, likeNum, directorSeq, runningTime, cCompany, dCompany, openDate,audienceNum)
	values(12,'귀못','국내','15세','Devil in the lake',226,12,111,12,10,'2022-10-19',8285);
INSERT INTO tblMovie (seq,movieName, openCountry, viewAge, engName, likeNum, directorSeq, runningTime, cCompany, dCompany, openDate,audienceNum)
	values(13,'육사오(6/45)','국내','12세',null,5459,13,113,13,4,'2022-08-24',1976091);
INSERT INTO tblMovie (seq,movieName, openCountry, viewAge, engName, likeNum, directorSeq, runningTime, cCompany, dCompany, openDate,audienceNum)
	values(14,'사잇소리','국내','15세','Exist Within',497,14,106,14,13,'2022-10-13',588);
INSERT INTO tblMovie (seq,movieName, openCountry, viewAge, engName, likeNum, directorSeq, runningTime, cCompany, dCompany, openDate,audienceNum)
	values(15,'자백','국내','15세','Confession',706,15,105,15,1,'2022-10-26',null);
INSERT INTO tblMovie (seq,movieName, openCountry, viewAge, engName, likeNum, directorSeq, runningTime, cCompany, dCompany, openDate,audienceNum)
	values(16,'올빼미','국내',null,null,441,16,null,16,8,'2022-11-23',null);
INSERT INTO tblMovie (seq,movieName, openCountry, viewAge, engName, likeNum, directorSeq, runningTime, cCompany, dCompany, openDate,audienceNum)
	values(17,'미혹','국내','15세',null,241,17,114,17,14,'2022-10-19',2941);
INSERT INTO tblMovie (seq,movieName, openCountry, viewAge, engName, likeNum, directorSeq, runningTime, cCompany, dCompany, openDate,audienceNum)
	values(18,'티켓 투 파라다이스','국외','12세','Ticket to paradise',336,18,104,18,15,'2022-10-12',50439);
INSERT INTO tblMovie (seq,movieName, openCountry, viewAge, engName, likeNum, directorSeq, runningTime, cCompany, dCompany, openDate,audienceNum)
	values(19,'스파이더맨:노 웨이 홈(펀버전)','국외','12세','Spider-Man: No Way Home - The More Fun Stuff Version',319,19,156,19,16,'2022-10-05',30860);
INSERT INTO tblMovie (seq,movieName, openCountry, viewAge, engName, likeNum, directorSeq, runningTime, cCompany, dCompany, openDate,audienceNum)
	values(20,'늑대사냥','국내','청소년 관람불가','Project Wolf Hunting',3917,20,121,20,17,'2022-09-21',457996);
INSERT INTO tblMovie (seq,movieName, openCountry, viewAge, engName, likeNum, directorSeq, runningTime, cCompany, dCompany, openDate,audienceNum)
	values(21,'기기묘묘','국내','15세','Strange',95,21,116,21,18,'2022-09-22',1272);
INSERT INTO tblMovie (seq,movieName, openCountry, viewAge, engName, likeNum, directorSeq, runningTime, cCompany, dCompany, openDate,audienceNum)
	values(22,'듄','국외','12세','Dune',6381,22,155,22,3,'2022-02-09',null);
INSERT INTO tblMovie (seq,movieName, openCountry, viewAge, engName, likeNum, directorSeq, runningTime, cCompany, dCompany, openDate,audienceNum)
	values(23,'캐릭터','국외','15세','Character',292,23,126,23,19,'2022-10-19',1393);
INSERT INTO tblMovie (seq,movieName, openCountry, viewAge, engName, likeNum, directorSeq, runningTime, cCompany, dCompany, openDate,audienceNum)
	values(24,'탑건:매버릭','국외','12세','Top Gun:Maverick',23325,24,130,9,1,'2022-06-22',8166506);
INSERT INTO tblMovie (seq,movieName, openCountry, viewAge, engName, likeNum, directorSeq, runningTime, cCompany, dCompany, openDate,audienceNum)
	values(25,'할로윈 엔드','국외','청소년 관람불가','Confession',706,25,105,24,15,'2022-10-26',3109);
INSERT INTO tblMovie (seq,movieName, openCountry, viewAge, engName, likeNum, directorSeq, runningTime, cCompany, dCompany, openDate,audienceNum)
	values(26,'블랙 팬서:와칸다 포에버','국외',null,'Black Panther: Wakanda Forever',1719,26,null,19,20,'2022-11-09',null);
INSERT INTO tblMovie (seq,movieName, openCountry, viewAge, engName, likeNum, directorSeq, runningTime, cCompany, dCompany, openDate,audienceNum)
	values(27,'헌트','국내','15세','HUNT',13270,27,125,25,21,'2022-08-10',4351254);
INSERT INTO tblMovie (seq,movieName, openCountry, viewAge, engName, likeNum, directorSeq, runningTime, cCompany, dCompany, openDate,audienceNum)
	values(28,'아나이스 인 러브','국외','15세','ANAIS IN LOVE',71,28,98,26,22,'2022-10-13',1139);
INSERT INTO tblMovie (seq,movieName, openCountry, viewAge, engName, likeNum, directorSeq, runningTime, cCompany, dCompany, openDate,audienceNum)
	values(29,'그 남자,좋은 간호사','국외','15세','THE GOOD NURSE',31,29,122,27,4,'2022-10-19',509);
INSERT INTO tblMovie (seq,movieName, openCountry, viewAge, engName, likeNum, directorSeq, runningTime, cCompany, dCompany, openDate,audienceNum)
	values(30,'헤어질 결심','국내','15세','Decision To Leave',8862,30,138,28,4,'2022-06-29',1884810);
INSERT INTO tblMovie (seq,movieName, openCountry, viewAge, engName, likeNum, directorSeq, runningTime, cCompany, dCompany, openDate,audienceNum)
	values(31,'동감','국내','12세','Ditto',1094,31,114,29,23,'2022-11-16',null);
INSERT INTO tblMovie (seq,movieName, openCountry, viewAge, engName, likeNum, directorSeq, runningTime, cCompany, dCompany, openDate,audienceNum)
	values(32,'나를 죽여줘','국내','15세','Kill me now',238,32,119,30,24,'2022-10-09',1001);
INSERT INTO tblMovie (seq,movieName, openCountry, viewAge, engName, likeNum, directorSeq, runningTime, cCompany, dCompany, openDate,audienceNum)
	values(33,'아바타:물의 길','국외',null,'Avatar:The Way of Water',5854,33,null,31,20,null,null);
INSERT INTO tblMovie (seq,movieName, openCountry, viewAge, engName, likeNum, directorSeq, runningTime, cCompany, dCompany, openDate,audienceNum)
	values(34,'한산:용의 출현','국내','12세','Hansan:Rising Dragon',21037,34,129,32,1,'2022-07-27',7261351);
INSERT INTO tblMovie (seq,movieName, openCountry, viewAge, engName, likeNum, directorSeq, runningTime, cCompany, dCompany, openDate,audienceNum)
	values(35,'오펀:천사의 비밀','국외','청소년 관람불가','Orphan',1927,35,123,33,3,'2009-08-20',null);
INSERT INTO tblMovie (seq,movieName, openCountry, viewAge, engName, likeNum, directorSeq, runningTime, cCompany, dCompany, openDate,audienceNum)
	values(36,'폴:600미터','국외','12세','The Fall',185,36,107,34,25,null,null);
INSERT INTO tblMovie (seq,movieName, openCountry, viewAge, engName, likeNum, directorSeq, runningTime, cCompany, dCompany, openDate,audienceNum)
	values(37,'낮과 달','국내','15세','The Cave',117,37,111,35,26,'2022-10-20',null);
INSERT INTO tblMovie (seq,movieName, openCountry, viewAge, engName, likeNum, directorSeq, runningTime, cCompany, dCompany, openDate,audienceNum)
	values(38,'토르:러브 앤 썬더','국외','12세','Thor:Love and Thunder',8283,38,119,19,20,'2022-07-06',2536147);
INSERT INTO tblMovie (seq,movieName, openCountry, viewAge, engName, likeNum, directorSeq, runningTime, cCompany, dCompany, openDate,audienceNum)
	values(39,'프로메어','국외','15세','PROMARE',174,39,111,37,33,'2022-10-20',null);
INSERT INTO tblMovie (seq,movieName, openCountry, viewAge, engName, likeNum, directorSeq, runningTime, cCompany, dCompany, openDate,audienceNum)
	values(40,'어제 뭐 먹었어?-극장판','국외','12세','What did you eat yesterday?Movie',72,40,120,38,24,'2022-10-13',579);
INSERT INTO tblMovie (seq,movieName, openCountry, viewAge, engName, likeNum, directorSeq, runningTime, cCompany, dCompany, openDate,audienceNum)
	values(41,'달이 지는 밤','국내','15세','Vestige',189,41,70,39,28,'2022-09-22',2515);
INSERT INTO tblMovie (seq,movieName, openCountry, viewAge, engName, likeNum, directorSeq, runningTime, cCompany, dCompany, openDate,audienceNum)
	values(42,'젊은 남자','국내','15세','The Young Man',265,42,114,40,29,'2022-10-12',1749);
INSERT INTO tblMovie (seq,movieName, openCountry, viewAge, engName, likeNum, directorSeq, runningTime, cCompany, dCompany, openDate,audienceNum)
	values(43,'불릿 트레인','국외','청소년 관람불가','Bullet Train',720,43,126,41,16,'2022-08-24',null);
INSERT INTO tblMovie (seq,movieName, openCountry, viewAge, engName, likeNum, directorSeq, runningTime, cCompany, dCompany, openDate,audienceNum)
	values(44,'극장판 헬로카봇:수상한 마술단의 비밀','국내','전체 관람가','Hello Carbot the Movie',421,44,79,42,1,'2022-09-28',216120);
INSERT INTO tblMovie (seq,movieName, openCountry, viewAge, engName, likeNum, directorSeq, runningTime, cCompany, dCompany, openDate,audienceNum)
	values(45,'노웨어 스페셜','국외','전체 관람가','Nowhere Special',421,45,96,43,30,'2021-12-29',null);
INSERT INTO tblMovie (seq,movieName, openCountry, viewAge, engName, likeNum, directorSeq, runningTime, cCompany, dCompany, openDate,audienceNum)
	values(46,'데시벨','국내',null,'Decibel',2028,46,null,44,31,'2022-11-16',null);
INSERT INTO tblMovie (seq,movieName, openCountry, viewAge, engName, likeNum, directorSeq, runningTime, cCompany, dCompany, openDate,audienceNum)
	values(47,'신비한 동물들과 덤블도어의 비밀','국외','12세','Fantastic Beasts:The Secrets of Dumbledore',4795,47,142,45,3,'2022-04-13',null);
INSERT INTO tblMovie (seq,movieName, openCountry, viewAge, engName, likeNum, directorSeq, runningTime, cCompany, dCompany, openDate,audienceNum)
	values(48,'에반게리온 신극장판:Q','국외','15세','Evangelion',11,48,95,46,32,'2022-10-14',null);
INSERT INTO tblMovie (seq,movieName, openCountry, viewAge, engName, likeNum, directorSeq, runningTime, cCompany, dCompany, openDate,audienceNum)
	values(49,'신 에반게리온 극장판','국외','15세','Evangelion',393,48,155,46,32,'2022-10-05',24221);
INSERT INTO tblMovie (seq,movieName, openCountry, viewAge, engName, likeNum, directorSeq, runningTime, cCompany, dCompany, openDate,audienceNum)
	values(50,'둠둠','국내','15세','Doom Doom',187,50,101,47,33,'2022-09-15',7887);
    
    
    
-- 제작사

INSERT INTO tblcCompany (seq, cCompany) VALUES (1,'더 램프');
INSERT INTO tblcCompany (seq, cCompany) VALUES (2,'A24');
INSERT INTO tblcCompany (seq, cCompany) VALUES (3,'DC 필름스');
INSERT INTO tblcCompany (seq, cCompany) VALUES (4,'영화사 이창');
INSERT INTO tblcCompany (seq, cCompany) VALUES (5,'Paramount Players');
INSERT INTO tblcCompany (seq, cCompany) VALUES (6,'쿠키픽쳐스');
INSERT INTO tblcCompany (seq, cCompany) VALUES (7,'슬기로운늑대');
INSERT INTO tblcCompany (seq, cCompany) VALUES (8,'수필름');
INSERT INTO tblcCompany (seq, cCompany) VALUES (9,'파라마운트 플레이스');
INSERT INTO tblcCompany (seq, cCompany) VALUES (10,'영화사 월광');
INSERT INTO tblcCompany (seq, cCompany) VALUES (11,'테레비 아사히');
INSERT INTO tblcCompany (seq, cCompany) VALUES (12,'아센디오');
INSERT INTO tblcCompany (seq, cCompany) VALUES (13,'TPS컴퍼니');
INSERT INTO tblcCompany (seq, cCompany) VALUES (14,'트루라이즈픽쳐스');
INSERT INTO tblcCompany (seq, cCompany) VALUES (15,'리얼라이즈픽쳐스');
INSERT INTO tblcCompany (seq, cCompany) VALUES (16,'영화사 담담');
INSERT INTO tblcCompany (seq, cCompany) VALUES (17,'엔진을켜 고집 스튜디오');
INSERT INTO tblcCompany (seq, cCompany) VALUES (18,'워킹 타이틀');
INSERT INTO tblcCompany (seq, cCompany) VALUES (19,'마블 스튜디오');
INSERT INTO tblcCompany (seq, cCompany) VALUES (20,'콘텐츠지');
INSERT INTO tblcCompany (seq, cCompany) VALUES (21,'필름다빈');
INSERT INTO tblcCompany (seq, cCompany) VALUES (22,'디노 디 로렌티스 코퍼레이션');
INSERT INTO tblcCompany (seq, cCompany) VALUES (23,'AOI'); 
INSERT INTO tblcCompany (seq, cCompany) VALUES (24,'미라맥스');
INSERT INTO tblcCompany (seq, cCompany) VALUES (25,'사나이픽쳐스');
INSERT INTO tblcCompany (seq, cCompany) VALUES (26,'해피송');
INSERT INTO tblcCompany (seq, cCompany) VALUES (27,'프로토조아 픽쳐스');
INSERT INTO tblcCompany (seq, cCompany) VALUES (28,'모호필름');
INSERT INTO tblcCompany (seq, cCompany) VALUES (29,'화이트리시네마');
INSERT INTO tblcCompany (seq, cCompany) VALUES (30,'영화사이다');
INSERT INTO tblcCompany (seq, cCompany) VALUES (31,'라이트스톰 엔터테이먼트');
INSERT INTO tblcCompany (seq, cCompany) VALUES (32,'빅스톤 픽쳐스');
INSERT INTO tblcCompany (seq, cCompany) VALUES (33,'다클 캐슬 엔터테이먼트');
INSERT INTO tblcCompany (seq, cCompany) VALUES (34,'티 샵 프로덕션');
INSERT INTO tblcCompany (seq, cCompany) VALUES (35,'한국영화아카데미');
INSERT INTO tblcCompany (seq, cCompany) VALUES (36,'AOI'); 
INSERT INTO tblcCompany (seq, cCompany) VALUES (37,'트리거'); 
INSERT INTO tblcCompany (seq, cCompany) VALUES (38,'TV Tokyo'); 
INSERT INTO tblcCompany (seq, cCompany) VALUES (39,'무주산골영화제 조직위'); 
INSERT INTO tblcCompany (seq, cCompany) VALUES (40,'배창호 프로덕션'); 
INSERT INTO tblcCompany (seq, cCompany) VALUES (41,'87노스 프로덕션'); 
INSERT INTO tblcCompany (seq, cCompany) VALUES (42,'초이락컨텐츠컴퍼니'); 
INSERT INTO tblcCompany (seq, cCompany) VALUES (43,'레드 웨이브 필름'); 
INSERT INTO tblcCompany (seq, cCompany) VALUES (44,'이스트드림시노펙스'); 
INSERT INTO tblcCompany (seq, cCompany) VALUES (45,'워너브라더스'); 
INSERT INTO tblcCompany (seq, cCompany) VALUES (46,'스튜디오카라'); 
INSERT INTO tblcCompany (seq, cCompany) VALUES (47,'이스트 게이트 컴퍼니'); 


-- 한줄 평

INSERT INTO tblReview (seq,review,m_seq,r_date,id) VALUES 
(1,'참 따뜻하고 익히 아는 음악과함께 옛생각도 나는 고마운 영화입니다',1,'2022-09-28','lele');
INSERT INTO tblReview (seq,review,m_seq,r_date,id) VALUES 
(2,'요새 봤던 한국영화중 가장 감동.',1,'2022-09-28','dmb0');
INSERT INTO tblReview (seq,review,m_seq,r_date,id) VALUES 
(3,'엄마는 종종 다른 세상에 빠진 듯 생각에 잠긴다. 하지만 언제나 나의 부름에 돌아온다.',2,'2022-10-12','X');
INSERT INTO tblReview (seq,review,m_seq,r_date,id) VALUES 
(4,'다정함이 온 우주를 구하진 못하더라도 나와 내 세계는 붙들어 줄 수 있지 않겠는가',2,'2022-10-12','kkdd');
INSERT INTO tblReview (seq,review,m_seq,r_date,id) VALUES 
(5,'닥터 페이트 진짜 멋있게 나옴',3,'2022-10-19','조성');
INSERT INTO tblReview (seq,review,m_seq,r_date,id) VALUES 
(6,'매블충으로서 한마디만 하자면 적어도 토르4 닥스2보다 훨배 나음~~~',3,'2022-10-19','ram');
INSERT INTO tblReview (seq,review,m_seq,r_date,id) VALUES 
(7,'묵직했던 전편에 비해 이번엔 더 시원한 액션과 유쾌한 큰웃음까지 다 담긴 속편',4,'2022-09-07','daily2023');
INSERT INTO tblReview (seq,review,m_seq,r_date,id) VALUES 
(8,'아 진짜 3도 나와라~~',4,'2022-09-07','클로버');
INSERT INTO tblReview (seq,review,m_seq,r_date,id) VALUES 
(9,'우선 공포영화는 아님ㅋ',5,'2022-09-07','체다치즈');
INSERT INTO tblReview (seq,review,m_seq,r_date,id) VALUES 
(10,'나름 흥미진진 좋아요 추천',6,'2022-10-15','mike');
INSERT INTO tblReview (seq,review,m_seq,r_date,id) VALUES 
(11,'영화제목대로 보다가 집에 돌아 왔습니다',7,'2022-10-07','하이룽');
INSERT INTO tblReview (seq,review,m_seq,r_date,id) VALUES 
(12,'역시 단순한 재탕은 식상하네요.',8,'2022-09-28','Ko');
INSERT INTO tblReview (seq,review,m_seq,r_date,id) VALUES 
(13,'15000주고 보기에는 돈아까움',8,'2022-09-28','오사내');
INSERT INTO tblReview (seq,review,m_seq,r_date,id) VALUES 
(14,'초반부에 너무 무서워서 뛰쳐나가고 싶었거든요. 그때 안나간거 후회했어요',9,'2022-10-06','유어');
INSERT INTO tblReview (seq,review,m_seq,r_date,id) VALUES 
(15,'진짜 26년 살면서 이 영화가 제일 무서웠다',9,'2022-10-08','자유의낭만');
INSERT INTO tblReview (seq,review,m_seq,r_date,id) VALUES 
(16,'이 시대를 살아가는 철수들에게 보내는 짱구의 위로메시지!!',11,'2022-10-02','코코몽');
INSERT INTO tblReview (seq,review,m_seq,r_date,id) VALUES 
(17,'ㅇㅈ 배우 연기가 대박특히 마지막쯤에 소름 스토리도 꽤나 집중하게 만들고 ㅇㅈㅇㅈ',12,'2022-10-19','없음');
INSERT INTO tblReview (seq,review,m_seq,r_date,id) VALUES 
(18,'극한직업이후로 오랜만에 너무 재미있는영화가 나온거 같아요....ㅠㅠㅠㅠ 너무 욱겨...!!!',13,'2022-08-24','FWA');
INSERT INTO tblReview (seq,review,m_seq,r_date,id) VALUES 
(19,'층간소음이라는 소재를 통해 긴장감 넘치게 영화를 봤네요..!! 후반부에 형석배우님도 깜짝등장!! 너무 짧게 지나가서 아쉬웠어요ㅠ 다음에 더 비중있게 출연해주셨으면..!!',14,'2022-10-14','꽃사슴');
INSERT INTO tblReview (seq,review,m_seq,r_date,id) VALUES 
(20,'너무 잘봤습니다. 연출과 연기 간만에 굿굿',17,'2022-10-19','달밤체조');
INSERT INTO tblReview (seq,review,m_seq,r_date,id) VALUES 
(21,'간만에 로코 기다렸는데!! 이 영화야 말로 비주얼, 웃음, 풍경 삼박자 파라다이스',18,'2022-10-12','염산');
INSERT INTO tblReview (seq,review,m_seq,r_date,id) VALUES 
(22,'오프닝 부가영상부터 그들의 팬들을 향한 애정이 느껴진다',19,'2022-10-05','리쌍');
INSERT INTO tblReview (seq,review,m_seq,r_date,id) VALUES 
(23,'늑대사냥 볼바에 그 돈으로 더위사냥 여러개 사드세요',20,'2022-09-22','Brian');
INSERT INTO tblReview (seq,review,m_seq,r_date,id) VALUES 
(24,'마지막 이야기는 볼만했는데 나머지는 별로',21,'2022-10-16','푸른볼');
INSERT INTO tblReview (seq,review,m_seq,r_date,id) VALUES 
(25,'이게영화지이게영화지',22,'2022-10-20','sizs');
INSERT INTO tblReview (seq,review,m_seq,r_date,id) VALUES 
(26,'배우들 연기 너무 잘함 영화 너무 잘만듬',23,'2022-10-19','우리흥');
INSERT INTO tblReview (seq,review,m_seq,r_date,id) VALUES 
(27,'평점 잘 안주는데 만점 줄려고 왔다',24,'2022-06-22','팝쟁이');
INSERT INTO tblReview (seq,review,m_seq,r_date,id) VALUES 
(28,'영원히 고통 받는 자 마이클 마이어스',25,'2022-10-15','포대화상미륵');
INSERT INTO tblReview (seq,review,m_seq,r_date,id) VALUES 
(29,'이 영화의 최대 반전은 이정재의 입봉작이라는거',27,'2022-08-10','abc');
INSERT INTO tblReview (seq,review,m_seq,r_date,id) VALUES 
(30,'거침없이 사랑에 직진하는 아나이스와 망설이는 에밀리의 적절한 조화',28,'2022-10-15','눈이아파');
INSERT INTO tblReview (seq,review,m_seq,r_date,id) VALUES 
(31,'섬세한 연기 에디와 나무랄데없는제시카',29,'2022-10-19','유나');
INSERT INTO tblReview (seq,review,m_seq,r_date,id) VALUES 
(32,'네게 미결로 남고 싶은 내 삶의 흔적',30,'2022-06-29','뚜뚜');
INSERT INTO tblReview (seq,review,m_seq,r_date,id) VALUES 
(33,'다 같이 보면서 느낄 점이 많은 좋은 영화',32,'2022-10-19','몰러');
INSERT INTO tblReview (seq,review,m_seq,r_date,id) VALUES 
(34,'마침내 왜구와 헤어질 결심…',34,'2022-07-27','캔따개');
INSERT INTO tblReview (seq,review,m_seq,r_date,id) VALUES 
(35,'보는 내내 속터짐',35,'2013-06-09','꽁냥꽁냥');
INSERT INTO tblReview (seq,review,m_seq,r_date,id) VALUES 
(36,'요즘 보기에 괜찮은 영화였다',37,'2022-10-20','r뚜비뚜비');
INSERT INTO tblReview (seq,review,m_seq,r_date,id) VALUES 
(37,'베일 미쳤다... 배우 하나로 영화 퀄이 달라지네',38,'2022-07-06','sobang');
INSERT INTO tblReview (seq,review,m_seq,r_date,id) VALUES 
(38,'ost가 너무 좋다. 상영관이 너무 없는게 아쉽네....',39,'2022-10-20','느와르');
INSERT INTO tblReview (seq,review,m_seq,r_date,id) VALUES 
(39,'이런 사랑도 있구나.. 동성이 아니라 이성간에 대입하면 어떤 답이 나올지 궁금해지는 영호ㅡ',40,'2022-10-19','석사가의');
INSERT INTO tblReview (seq,review,m_seq,r_date,id) VALUES 
(40,'삶과 죽음에 대한 동네 이야기',41,'2022-09-23','Projects');
INSERT INTO tblReview (seq,review,m_seq,r_date,id) VALUES 
(41,'지금도 소장하고있는 청춘영화임 ost도 너무좋고',42,'2014-09-23','윰윰');
INSERT INTO tblReview (seq,review,m_seq,r_date,id) VALUES 
(42,'브래드 피트는 더 늙기전에 월드워Z 처럼, 이런류의 상업 액션 영화 좀 많이 찍어주길',43,'2022-08-24','워커');
INSERT INTO tblReview (seq,review,m_seq,r_date,id) VALUES 
(43,'어른이 봐도 넘 재밌네용ㅎㅎ',44,'2022-09-28','muuue');
INSERT INTO tblReview (seq,review,m_seq,r_date,id) VALUES 
(44,'단 한 순간도 관객보다 감정이 먼저 앞서나가지 않는 영화',45,'2022-01-03','890');
INSERT INTO tblReview (seq,review,m_seq,r_date,id) VALUES 
(45,'이 시리즈의 끝을 꼭 봐야겠어',47,'2022-04-13','Gw');
INSERT INTO tblReview (seq,review,m_seq,r_date,id) VALUES 
(46,'이제 좀 알았다 싶었더니 다시 어려워졌다.',48,'2022-10-19','알알rr');
INSERT INTO tblReview (seq,review,m_seq,r_date,id) VALUES 
(47,'음 그냥 자기 얘기를 하고 싶었던 것인가요?',49,'2022-10-12','갑시다');
INSERT INTO tblReview (seq,review,m_seq,r_date,id) VALUES 
(48,'새롭고 흥미롭게 봤어요!!!!',50,'2022-09-21','지원');


-- 배우

insert into tblActor values(1, '류승룡');
insert into tblActor values(2, '염정아');
insert into tblActor values(3, '양자경');
insert into tblActor values(4, '스테파니 수');
insert into tblActor values(5, '드웨인 존슨');
insert into tblActor values(6, '노아 센티네오');
insert into tblActor values(7, '현빈');
insert into tblActor values(8, '유해진');
insert into tblActor values(9, '이사벨 퍼만');
insert into tblActor values(10, '박성웅');
insert into tblActor values(11, '양현민');
insert into tblActor values(12, '송새벽');
insert into tblActor values(13, '라미란');
insert into tblActor values(14, '김무열');
insert into tblActor values(15, '소시 베이컨');
insert into tblActor values(16, '제시 어셔');
insert into tblActor values(17, '이성민');
insert into tblActor values(18, '남주혁');

insert into tblActor values(19, '박하나');
insert into tblActor values(20, '허진');
insert into tblActor values(21, '고경표');
insert into tblActor values(22, '이이경');
insert into tblActor values(23, '류화영');
insert into tblActor values(24, '박진우');
insert into tblActor values(25, '소지섭');
insert into tblActor values(26, '김윤진');
insert into tblActor values(27, '류준열');
insert into tblActor values(28, '박효주');
insert into tblActor values(29, '김민재');
insert into tblActor values(30, '줄리아 로버츠');
insert into tblActor values(31, '조지 클루니');
insert into tblActor values(32, '톰 홀랜드');
insert into tblActor values(33, '젠데이아 콜먼');
insert into tblActor values(34, '서인국');
insert into tblActor values(35, '장동윤');

insert into tblActor values(36, '오민애');
insert into tblActor values(37, '김재화');
insert into tblActor values(38, '티모시 샬라메');
insert into tblActor values(39, '레베카 퍼거슨');
insert into tblActor values(40, '스다 마사키');
insert into tblActor values(41, '후카세');
insert into tblActor values(42, '톰 크루즈');
insert into tblActor values(43, '마일즈 텔러');
insert into tblActor values(44, '제이미 리 커티스');
insert into tblActor values(45, '앤디 마티첵');
insert into tblActor values(46, '레티티아 라이트');
insert into tblActor values(47, '다나이 구리라');
insert into tblActor values(48, '이정재');
insert into tblActor values(49, '정우성');
insert into tblActor values(50, '아나이스 드무스티에');
insert into tblActor values(51, '발레리아 브루니 테데스키');
insert into tblActor values(52, '에디 레드메인');
insert into tblActor values(53, '제시카 차스테인');
insert into tblActor values(54, '박해일');
insert into tblActor values(55, '탕웨이');

insert into tblActor values(56, '여진구');
insert into tblActor values(57, '조이현');
insert into tblActor values(58, '장현성');
insert into tblActor values(59, '안승균');
insert into tblActor values(60, '조 샐다나');
insert into tblActor values(61, '샘 워싱턴');
insert into tblActor values(62, '안성기');
insert into tblActor values(63, '베라 파미가');
insert into tblActor values(64, '피터 사스가드');
insert into tblActor values(65, '그레이스 펄튼');
insert into tblActor values(66, '버지니아 가드너');
insert into tblActor values(67, '유다인');
insert into tblActor values(68, '조은지');
insert into tblActor values(69, '크리스 헴스워스');
insert into tblActor values(70, '나탈리 포트만');
insert into tblActor values(71, '마츠야마 켄이치');
insert into tblActor values(72, '사오토메 타이치');
insert into tblActor values(73, '니시지마 히데토시');
insert into tblActor values(74, '우치노 마사아키');

insert into tblActor values(75, '강진아');
insert into tblActor values(76, '곽민규');
insert into tblActor values(77, '신은경');
insert into tblActor values(78, '브래드 피트');
insert into tblActor values(79, '제임스 노턴');
insert into tblActor values(80, '다니엘 라몬트');
insert into tblActor values(81, '김래원');
insert into tblActor values(82, '이종석');
insert into tblActor values(83, '주드 로');
insert into tblActor values(84, '오가타 메구미');
insert into tblActor values(85, '하야시바라 메구미');
insert into tblActor values(86, '김용지');
insert into tblActor values(87, '윤유선');


-- 명대사

insert into tblFline values(1, '진짜 방법이 없을까봐, 내가 무서워서 못 물어봤다.', 1, 1);
insert into tblFline values(2, '덕분에 행복하게 잘 살다 갑니다.', 1, 2);
insert into tblFline values(3, '당신처럼 싸울거에요', 2, 3);
insert into tblFline values(4, '맨인블랙에게 당했다고 전해라', 3, 5);
insert into tblFline values(5, '껄떡 데지 말라우', 4, 7);
insert into tblFline values(6, '키보드로 때려서 사이버 범죄면 돈으로 때리면 금융범죄냐? 계산기로 때리면 디지털 범죄고?', 4, 8);
insert into tblFline values(7, '헬로 마미 ? 땡큐 마미 , 아이 노우 마미', 5, 9);
insert into tblFline values(8, '이가없으면 잇몸으로!!! 나 마성의 남자 쭌~!!', 6, 10);
insert into tblFline values(9, '효자는 솔직하면 안되는거였슈', 7, 12);
insert into tblFline values(10, '3차대전일어나면 어쩌지 내가 세계사에 무슨짓을한거야?', 8, 13);
insert into tblFline values(11, '아하하하핳하하하핳하핳하핳핳', 13, 21);
insert into tblFline values(12, '좋은건 뒤로 미루면 안되지', 18, 30);
insert into tblFline values(13, '안녕하세요, 저는 피터 파커라고 해요', 19, 32);
insert into tblFline values(14, '사랑해', 19, 33);
insert into tblFline values(15, '넌 나의 애기야~', 20, 34);
insert into tblFline values(16, '물 줘', 22, 38);
insert into tblFline values(17, '두려워하지말라, 두려움은 정신을 죽이고 , 세계를 소멸시키는 작은 죽음이다', 22, 19);
insert into tblFline values(18, 'Dont think, Just do it', 24, 42);
insert into tblFline values(19, '아버지라면 그렇게 했을 테니까요.', 24, 43);
insert into tblFline values(20, '부장님이 김 차장 빤스 벗기란다', 27, 48);
insert into tblFline values(21, '박평호~박평호~박평호', 27, 49);
insert into tblFline values(22, '슬픔이 파도처럼 밀려오는 사람이 있고 물에 잉크가 퍼지듯이 서서히 물드는 사람도 있고', 30, 54);
insert into tblFline values(23, '당신이 사랑한다고 말할 때 당신의 사랑이 끝났고 당신의 사랑이 끝났을 때 내 사랑이 시작됐다.', 30, 55);
insert into tblFline values(24, '세상에 태어나는 모든 아이는 완벽한 존재다.', 32, 58);
insert into tblFline values(25, '의와 불의의 싸움이지.', 34, 54);
insert into tblFline values(26, '저를 그냥 죽게 내버려두지 마세요 엄마.', 35, 9);
insert into tblFline values(27, 'Im not your f___ing mom!', 35, 63);
insert into tblFline values(28, '염소 2 : 악ㅏㅏㅏㅏㅏㅏㅏㅏㅏㅏ', 38, 69);
insert into tblFline values(29, '첫째, 내 이름은 마이티 토르야! 둘째,
 마이티 토르가 정 별로면 제인 포스터 박사 정도는 받아들여주지! 셋째, 넌 내 망치에 죽었어!', 38, 70);
insert into tblFline values(30, '넌 돼! 돼게 돼있어!!', 42, 48);
insert into tblFline values(31, '레이디버그(무당벌레)는 행운의 상징이 아냐.
 다른이들의 행운을위해 7가지의 불운을 짊어진 운명이지', 43, 78);
insert into tblFline values(32, '정답, 후플푸프에 3점', 47, 83);
insert into tblFline values(33, '가장 완벽한 계획이 뭔지 알아? 무계획이야.', 47, 51);


-- 배우 상세 정보

insert into tblActorInfo values(1, '주연', 1, 1, '정가네 목장(가제),2021');
insert into tblActorInfo values(2, '주연', 1, 2, '크로스,2022');
insert into tblActorInfo values(3, '주연', 2, 3, '더 타이거즈 어프렌티스,2023');
insert into tblActorInfo values(4, '조연', 2, 4, '에브리씽 에브리웨어 올 앳 원스,2022');
insert into tblActorInfo values(5, '주연', 3, 5, '블랙 아담,2022');
insert into tblActorInfo values(6, '조연', 3, 6, '블랙 아담,2022');
insert into tblActorInfo values(7, '주연', 4, 7, '공조2:인터내셔날,2022');
insert into tblActorInfo values(8, '주연', 4, 8, '달짝지근해,2022');
insert into tblActorInfo values(9, '주연', 5, 9, '오펀: 천사의 탄생,2022');
insert into tblActorInfo values(10, '주연', 6, 10, '대무가,2022');
insert into tblActorInfo values(11, '주연', 6, 11, '드림(가제),2022');
insert into tblActorInfo values(12, '주연', 7, 12, '컴백홈,2022');
insert into tblActorInfo values(13, '조연', 7, 13, '컴백홈,2022');
insert into tblActorInfo values(14, '주연', 8, 13, '컴백홈,2022');
insert into tblActorInfo values(15, '주연', 8, 14, '정직한 후보2,2022');
insert into tblActorInfo values(16, '주연', 9, 15, '스마일,2022');
insert into tblActorInfo values(17, '주연', 9, 16, '스마일,2022');
insert into tblActorInfo values(18, '주연', 10, 17, '서울의 봄,2022');
insert into tblActorInfo values(19, '주연', 10, 18, '리멤버,2020');
insert into tblActorInfo values(20, '주연', 12, 19, '귀못,2022');
insert into tblActorInfo values(21, '주연', 12, 20, '귀못,2022');
insert into tblActorInfo values(22, '주연', 13, 21, '서울대작전,2022');
insert into tblActorInfo values(23, '주연', 13, 22, '육사오(6/45),2022');
insert into tblActorInfo values(24, '주연', 14, 23, '사잇소리,2022');
insert into tblActorInfo values(25, '조연', 14, 24, '사잇소리,2022');
insert into tblActorInfo values(26, '주연', 15, 25, '외계+인 1부,2022');
insert into tblActorInfo values(27, '조연', 15, 26, '도그데이즈(가제),2021');
insert into tblActorInfo values(28, '주연', 16, 27, '올빼미,2022');
insert into tblActorInfo values(29, '주연', 16, 8, '달짝지근해,2022');
insert into tblActorInfo values(30, '주연', 17, 28, '미혹,2021');
insert into tblActorInfo values(31, '조연', 17, 29, '범죄도시3,2022');
insert into tblActorInfo values(32, '주연', 18, 30, '티켓 투 파라다이스,2022');
insert into tblActorInfo values(33, '주연', 18, 31, '티켓 투 파라다이스,2022');
insert into tblActorInfo values(34, '주연', 19, 32, '스파이더맨:노웨이홈 펀버전,2022');
insert into tblActorInfo values(35, '주연', 19, 33, '스파이더맨:노웨이홈 펀버전,2022');
insert into tblActorInfo values(36, '주연', 20, 34, '늑대사냥,2022');
insert into tblActorInfo values(37, '조연', 20, 35, '애프터,2022');
insert into tblActorInfo values(38, '주연', 21, 36, '그렇고 그런 사이,2022');
insert into tblActorInfo values(39, '주연', 21, 37, '기기묘묘,2022');
insert into tblActorInfo values(40, '주연', 22, 38, '엔터갤럭틱,2022');
insert into tblActorInfo values(41, '조연', 22, 39, '미션 임파서블:데드 레코닝 PART ONE,2023');
insert into tblActorInfo values(42, '주연', 23, 40, '캐릭터,2021');
insert into tblActorInfo values(43, '주연', 23, 41, '캐릭터,2021');
insert into tblActorInfo values(44, '주연', 24, 42, '미션 임파서블:데드 레코닝 PART ONE,2023');
insert into tblActorInfo values(45, '주연', 24, 43, '스파이더헤드,2022');
insert into tblActorInfo values(46, '주연', 25, 44, '할로윈 엔드,2022');
insert into tblActorInfo values(47, '조연', 25, 45, '할로윈 엔드,2022');
insert into tblActorInfo values(48, '주연', 26, 46, '블랙 팬서:와칸다 포에버,2022');
insert into tblActorInfo values(49, '주연', 26, 47, '블랙 팬서:와칸다 포에버,2022');
insert into tblActorInfo values(50, '주연', 27, 48, '헌트,2022');
insert into tblActorInfo values(51, '주연', 27, 49, '서울의 봄,2022');
insert into tblActorInfo values(52, '주연', 28, 50, '아나이스 인 러브,2021');
insert into tblActorInfo values(53, '조연', 28, 51, '아나이스 인 러브,2021');
insert into tblActorInfo values(54, '주연', 29, 52, '그 남자,좋은 간호사,2022');
insert into tblActorInfo values(55, '주연', 29, 53, '그 남자,좋은 간호사,2022');
insert into tblActorInfo values(56, '주연', 30, 54, '한산:용의 출현,2021');
insert into tblActorInfo values(57, '주연', 30, 55, '헤어질 결심,2021');
insert into tblActorInfo values(58, '주연', 31, 56, '동감,2022');
insert into tblActorInfo values(59, '주연', 31, 57, '동감,2022');
insert into tblActorInfo values(60, '주연', 32, 58, '싱글 인 서울,2020');
insert into tblActorInfo values(61, '주연', 32, 59, '모럴센스,2022');
insert into tblActorInfo values(62, '주연', 33, 60, '아바타5,2027');
insert into tblActorInfo values(63, '주연', 33, 61, '아바타5,2027');
insert into tblActorInfo values(64, '주연', 34, 54, '한산:용의 출현,2021');
insert into tblActorInfo values(65, '주연', 34, 62, '탄생,2021');
insert into tblActorInfo values(66, '주연', 35, 63, '컨저링3:악마가 시켰다,2021');
insert into tblActorInfo values(67, '주연', 35, 64, '더 배트맨,2022');
insert into tblActorInfo values(68, '주연', 36, 65, '폴:600미터,2022');
insert into tblActorInfo values(69, '주연', 36, 66, '폴:600미터,2022');
insert into tblActorInfo values(70, '주연', 37, 67, '폭로,2022');
insert into tblActorInfo values(71, '주연', 37, 68, '낮과 달,2021');
insert into tblActorInfo values(72, '주연', 38, 69, '스파이더헤드,2022');
insert into tblActorInfo values(73, '주연', 38, 70, '토르:러브 앤 썬더');
insert into tblActorInfo values(74, '주연', 39, 71, '호텔로얄,2020');
insert into tblActorInfo values(75, '주연', 39, 72, '프로메어,2019');
insert into tblActorInfo values(76, '주연', 40, 73, '어제 뭐 먹엇어?-극장판,2022');
insert into tblActorInfo values(77, '주연', 40, 74, '어제 뭐 먹엇어?-극장판,2022');
insert into tblActorInfo values(78, '주연', 41, 75, '개를 데리고 다니는 여자,2021');
insert into tblActorInfo values(79, '주연', 41, 76, '비상선언,2022');
insert into tblActorInfo values(80, '주연', 42, 48, '헌트,2022');
insert into tblActorInfo values(81, '조연', 42, 77, '시호,2019');
insert into tblActorInfo values(82, '주연', 43, 78, '블론드,2022');
insert into tblActorInfo values(83, '주연', 45, 79, '허드 앤 씬,2021');
insert into tblActorInfo values(84, '주연', 45, 80, '노웨어 스페셜,2020');
insert into tblActorInfo values(85, '주연', 46, 81, '데시벨,2021');
insert into tblActorInfo values(86, '주연', 46, 82, '데시벨,2021');
insert into tblActorInfo values(87, '주연', 47, 52, '그 남자, 좋은 간호사,2022');
insert into tblActorInfo values(88, '주연', 47, 83, '신비한 동물들과 덤블도어의 비밀,2022');
insert into tblActorInfo values(89, '주연', 48, 84, '신 에반게리온 극장판,2021');
insert into tblActorInfo values(90, '주연', 48, 85, '신 에반게리온 극장판,2021');
insert into tblActorInfo values(91, '주연', 49, 84, '신 에반게리온 극장판,2021');
insert into tblActorInfo values(92, '주연', 49, 85, '신 에반게리온 극장판,2021');
insert into tblActorInfo values(93, '주연', 50, 86, '둠둠,2021');
insert into tblActorInfo values(94, '주연', 50, 87, '둠둠,2021');


-- 줄거리

insert into tblOverview values (1,'내 생애 가장 빛나는 선물 모든 순간이 노래가 된다!
무뚝뚝한 남편 ‘진봉’과 무심한 아들 딸을 위해 헌신하며 살아온 ‘세연’은
어느 날 자신에게 시간이 얼마 남지 않았다는 것을 알게 된다.
한 치 앞도 알 수 없는 인생에 서글퍼진 ‘세연’은 마지막 생일선물로
문득 떠오른 자신의 첫사랑을 찾아 달라는 황당한 요구를 한다.
막무가내로 우기는 아내의 고집에 어쩔 수 없이 여행길에 따라나선 ‘진봉’은
아무런 단서도 없이 이름 석 자만 가지고 무작정 전국 방방곡곡을 누빈다.
시도 때도 없이 티격태격 다투던 두 사람은 가는 곳곳마다
자신들의 찬란했던 지난날 소중한 기억을 하나 둘 떠올리는데...
과연 ‘세연’의 첫사랑은 어디에 있으며 그들의 여행은 무사히 마칠 수 있을까?');

insert into tblOverview values (2,'미국에 이민 와 힘겹게 세탁소를 운영하던 에블린은 세무당국의 조사에 시달리던 어느 날
남편의 이혼 요구와 삐딱하게 구는 딸로 인해 대혼란에 빠진다.
그 순간 에블린은 멀티버스 안에서 수천, 수만의 자신이 세상을 살아가고 있다는 사실을 알게 되고,
그 모든 능력을 빌려와 위기의 세상과 가족을 구해야 하는 운명에 처한다.');

insert into tblOverview values (3,'누구도 막을 수 없다!
기원전 가장 번성하고 위대한 고대 국가였지만
현재는 국제 군사 조직 인터갱의 독재 국가로 전락한 칸다크.
인터갱의 눈을 피해 고대 유물을 찾던 ''아드리아나''는
우연히 5000년 동안 잠들어 있던 ''블랙 아담''을 깨우게 된다.
엄청난 괴력과 스피드, 방탄 능력과 자유자재의 고공비행, 번개를 쏘는 능력까지.
온몸이 무기인 ''블랙 아담''은 자신의 앞을 막아서는 인터갱들을 모조리 쓸어버리고
칸다크 국민들은 이에 열광한다. 한편, 그의 폭주를 막기 위해 호크맨, 닥터 페이트, 아톰 스매셔,
사이클론으로 구성된 히어로 군단 ''저스티스 소사이어티''가 칸다크에 나타나는데...
세상을 구할 것인가, 파괴할 것인가
사람들이 열광할 문제적 히어로가 온다!');

insert into tblOverview values (4,'공조 이즈 백! 이번엔 삼각 공조다!
남한으로 숨어든 글로벌 범죄 조직을 잡기 위해
새로운 공조 수사에 투입된 북한 형사 ‘림철령’(현빈).
수사 중의 실수로 사이버수사대로 전출됐던 남한 형사 ‘강진태’(유해진)는
광수대 복귀를 위해 모두가 기피하는 ‘철령’의 파트너를 자청한다.
이렇게 다시 공조하게 된 ‘철령’과 ‘진태’!
‘철령’과 재회한 ‘민영’(임윤아)의 마음도 불타오르는 가운데,
‘철령’과 ‘진태’는 여전히 서로의 속내를 의심하면서도 나름 그럴싸한 공조 수사를 펼친다.
드디어 범죄 조직 리더인 ‘장명준’(진선규)의 은신처를 찾아내려는 찰나,
미국에서 날아온 FBI 소속 ‘잭’(다니엘 헤니)이 그들 앞에 나타나는데…!
아직도 짠내 나는 남한 형사,
여전한 엘리트 북한 형사,
그리고 FBI 소속 해외파 형사까지!
각자의 목적으로 뭉친 그들의 짜릿한 공조 수사가 시작된다!');

insert into tblOverview values (5,'천사의 얼굴을 한 최강 사이코패스 컴백!
이 아이를 ‘또’ 조심하세요!
엄청난 비밀을 숨긴 사이코패스가 에스토니아의 정신병동을 탈출, 부유한 가족의 실종된 딸 ‘에스더’로 사칭해 미국에 온다. 재회의 기쁨도 잠시, 어딘지 낯선 딸의 정체를 눈치챈 엄마는 가족을 지키기 위해 에스더와 맞서는데... 누구도 상상 못한 충격적인 반전이 기다린다!');

insert into tblOverview values (6,'쇼타임! 신(神)들린 무당들의 통쾌한 한.판.대.결!
유아독존 신빨 대신 술빨로 버티는 40대 마성의 무당 ''마성준''(박성웅)
백발백중 1타 무당을 꿈꾸며 역술계를 평정한 30대 스타트업 무당 ''청담도령''(양현민)
인생역전 갓생을 노리며 10주 완성 무당학원을 등록한 20대 취준생 무당 ''신남''(류경수)
신빨 떨어진 무당들이 용하다 소문난 전설의 ''대무가'' 비트로 뭉쳤다!
그리고 그들을 이용해서 50억 원을 손에 넣으려는 이 구역 미친X ''익수''가 판을 벌리고
''대무가'' 무당즈는 각자 일생일대의 한탕을 위해 비트에 몸을 맡긴 채 프리스타일 굿판 대결을 펼치는데…');

insert into tblOverview values (7,'“아버지가 네 앞으로 남겨놓은 게 있어”
개그맨이 되겠다는 꿈 하나로 서울 상경을 결심한 ‘기세’(송새벽)
그러나 갑작스러운 프로그램 폐지 소식과 함께
꿈도, 돈도, 집도 하루아침에 모든 것을 잃게 되고
15년 만에 고향을 찾는다.
고향에서 만난 충청도 최대 조직의 삼촌 ‘강돈’(이범수)은
현금 20억과 함께 ‘기세’에게 솔깃한 제안을 하고
‘기세’는 다시 행복한 인생 역전을 꿈꾼다.
한편, 오랜 기억 속 첫사랑 ‘영심’(라미란)까지 만나게 되면서
‘기세’는 매일매일 예측불허한 사건들에 휘말리게 되는데…
20억과 함께 찾아온 조폭 상속의 기회! 거기에 첫사랑까지?
꼬일 대로 꼬인 인생, 조폭 두목을 상속받다?
버라이어티한 ‘기세’의 역전이 시작된다!');

insert into tblOverview values (8,'거짓말 못하는 ‘진실의 주둥이’ 컴백! 이번엔 2명?!
서울시장 선거에서 떨어지며 쫄딱 망한 백수가 된 ‘주상숙’은
우연히 바다에 빠진 한 청년을 구한 일이 뉴스를 타며
고향에서 화려한 복귀의 기회를 잡는다.
하지만 정직하면 할수록 바닥으로 곤두박질치는 지지율 앞에
다시 뻥쟁이로 돌아간 그 순간,
‘주상숙’에게 운명처럼 찾아온 ‘진실의 주둥이’!
이번엔 ‘주상숙’의 비서실장 ‘박희철’까지 주둥이가 쌍으로 털리게 되는데...
재미도 2배! 웃음도 2배!
주둥이 대폭발 코미디가 돌아왔다!');

insert into tblOverview values (9,'“그들이 저를 보며 웃고 있어요”
기괴한 미소를 지으며 자신의 눈 앞에서 목숨을 끊는 환자를 목격한 정신과 의사 ‘로즈’.
그날 이후로 ‘로즈’의 일상에 설명할 수 없는 끔찍한 일들이 잇따라 발생한다.
일상을 덮친 공포에 발버둥치던 ‘로즈’는 이전에도 자신과 같은 일을 겪은 사람들이 있었고
그들 모두 끔찍한 죽음을 피할 수 없었다는 사실을 알게 된다.
시시각각 다가오는 죽음에서 벗어나기 위해 사투를 벌이던 ‘로즈’는
잊고 싶던 과거와 마주하게 되는데…
“너도 곧 웃게 될 거야”');

insert into tblOverview values (10,'“부서진 차… 손에 묻은 피… 권총 한 자루… 내가 왜 여기에 있는 거지?”
뇌종양 말기, 80대 알츠하이머 환자인 한필주. 일제강점기 때 친일파들에게 가족을 모두 잃었다.
아내가 세상을 떠나자 필주는 60여 년을 계획해 온 복수를 감행하려고 한다.
그는 알바 중인 패밀리 레스토랑에서 절친이 된 20대 알바생 인규에게
일주일만 운전을 도와 달라 부탁한다.
“원래 이런 사람이었어요? 정체가 뭐예요 도대체?! 같이 접시 닦던 사람 맞아요?”
이유도 모른 채 필주를 따라나선 인규는 첫 복수 현장의 CCTV에 노출되어 유력 용의자로 지목된다.
경찰은 수사망을 좁혀오고 사라져가는 기억과 싸우며 필주는 복수를 이어가는데…
60년의 계획, 복수를 위한 위험한 동행이 시작된다!');

insert into tblOverview values (11,'짱구와 친구들, 명문학교에 입학하다?!
명문 엘리트 양성학교에 체험 입학하게 된 짱구와 친구들!
좋은 성적을 내서 학교에 정식 입학하고 싶은 철수와 장난만 치려는 짱구는 크게 싸우게 된다.
그러던 중 학교에 도는 괴소문의 존재 ‘흡덩귀’에게 철수가 엉덩이를 물린 채 발견된다.
‘흡덩귀’에게 엉덩이를 물리면 엘리트 학생도 모지리로 변하게 되는데….
철수와 학생들을 구하기 위해 짱구와 떡잎마을 방범대 친구들은 탐정 동아리를 결성하고 수사를 시작한다!
범인은 과연 누구?
짱구는 사건을 해결하고 철수와의 우정을 지킬 수 있을까?!');

insert into tblOverview values (12,'극강 공포를 선사할, 수살귀의 저주가 시작된다!
과거 대부호였던 왕할머니의 대저택에 숨겨진 보석을 훔치기 위해 간병인으로 입주하게 된 보영.
보영을 고용한 왕할머니의 유일한 혈육인 김사모는,
‘아무도 데려오지 말 것, 특히 아이’, ‘저수지 근처에 가지 말 것’이라는 조건을 건다.
하지만 보영은, 금기를 깨고 자신의 딸 ‘다정’을 몰래 데리고 가는데...
사람 죽어 나가는 ‘귀못’이라고 불리는 저수지 옆에 위치한
왕할머니의 거대한 저택에선 불길하고 괴이한 징조가 계속되고,
그러던 중 보영은, 이곳을 찾은 외지인들이 의문의 변사를 당한 것을 알게 된다.');

insert into tblOverview values (13,'“45개 번호 중에 6개 맞히면 1등인 육사오라는 종이쪼가리,
내가 주웠지 말입니다”
우연히 1등 당첨 로또를 주운 말년 병장 ‘천우’.
심장이 터질듯한 설렘도 잠시, 순간의 실수로 바람을 타고 군사분계선을 넘어간 로또.
바사삭 부서진 멘탈을 부여잡고…기필코 다시 찾아야 한다!
우연히 남쪽에서 넘어온 1등 당첨 로또를 주운 북한 병사 ‘용호’.
이거이 남조선 인민의 고혈을 쥐어 짜내는 육사오라는 종이쪼가리란 말인가?
근데 무려 당첨금이 57억이라고?!
당첨금을 눈앞에서 놓칠 위기에 처한 ‘천우’와
북에선 한낱 종이쪼가리일 뿐일 로또를 당첨금으로 바꿔야 하는 ‘용호’.
여기에 예상치 못한 멤버들(?)까지 합류하고 57억을 사수하기 위한 3:3팀이 결성되는데…
주운 자 VS 또 주운 자
아슬아슬 선 넘는 지분 협상이 시작된다!');

insert into tblOverview values (14,'쿵! 쿵! 쿵!
401호와 501호 사이의 층간 소음이 시작됐다!
작가 지망생이지만 사실 백수와 다름없는 ‘은수’(류화영)는 공모전 소재를 찾던 중
자신을 괴롭히던 층간 소음에 의문을 품으며 윗집 주인을 관찰하기 시작한다.
그리고 윗집 남자 ‘호경’{박진우} 또한 ‘은수’의 존재를 눈치채기 시작하고,
급기야 ‘은수’는 충격적인 진실을 마주하게 되는데…
오늘도 시작된 소음
‘내가 상상만 하던 그 이야기가 과연 현실일까?’');

insert into tblOverview values (15,'제대로 함정에 빠졌다!
불륜 사실을 폭로하겠다는 협박을 받고 향한 호텔에서 의문의 습격을 당한 유민호(소지섭).
정신을 차려보니 함께 있던 김세희(나나)는 죽어있고, 범인은 흔적도 없이 사라졌다.
하루아침에 성공한 사업가에서 밀실 살인 사건의 유일한 용의자로 누명을 쓴 유민호는
무죄를 입증하기 위해 승률 100%의 변호사 양신애(김윤진)를 찾는다.
눈 내리는 깊은 산속의 별장에서 마주한 두 사람,
양신애는 완벽한 진술을 위해 처음부터 사건을 재구성해야 한다고 말하고,
사건의 조각들이 맞춰지며 유민호가 감추고 있던 또 다른 사건이 모습을 드러내게 되는데…
두 개의 사건, 두 개의 시신
숨겨진 진실이 밝혀진다.');

insert into tblOverview values (16,'그날 밤, 세자가 죽었다.
맹인이지만 뛰어난 침술 실력을 지닌 ‘경수’는
어의 ‘이형익’에게 그 재주를 인정받아 궁으로 들어간다.
그 무렵, 청에 인질로 끌려갔던 ‘소현세자’가 8년 만에 귀국하고,
‘인조’는 아들을 향한 반가움도 잠시 정체 모를 불안감에 휩싸인다.
그러던 어느 밤, 어둠 속에서는 희미하게 볼 수 있는 ‘경수’가
‘소현세자’의 죽음을 목격하게 되고
진실을 알리려는 찰나 더 큰 비밀과 음모가 드러나며
목숨마저 위태로운 상황에 빠진다.
아들의 죽음 후 ‘인조’의 불안감은 광기로 변하여 폭주하기 시작하고
세자의 죽음을 목격한 ‘경수’로 인해 관련된 인물들의 민낯이 서서히 드러나게 되는데...');

insert into tblOverview values (17,'셋째 아이의 비극적인 죽음 후,
''현우(박효주)''와 ''석호(김민재)'' 부부는 새로운 아이의 입양을 결심한다.
하지만 입양 온 ''이삭''에게 죽은 아이가 보이고,
이웃 ''영준(차선우)''은 이들 가족의 비밀을 다 알고 있다는 듯이 행동하며
기이한 일들이 끊임없이 이어지는데…
과연 눈앞에 보이는 것만이 진실일까?');

insert into tblOverview values (18,'사랑은 돌아오는 거야~
돌싱글즈에게 찾아온 U턴 로맨스
한때, 미치게 사랑했지만 지금은 인생의 원수가 되어버린
이혼한 부부 ‘조지아’(줄리아 로버츠)와 ‘데이빗’(조지 클루니).
대학을 졸업하고 변호사로 대형 로펌 입사를 앞둔 딸 ‘릴리’(케이틀린 디버)가
여행지 발리에서 만난 운명 같은 사랑과 결혼을 선포하자
딸이 자신들과 같은 실수를 반복하는 걸 볼 수 없는 그들은
어쩔 수 없이 동맹을 맺고 결혼을 막으려는 계획을 세우게 된다.
그러나 거듭되는 작전에도 불구하고 딸 ‘릴리’의 결혼식은 순조롭게만 진행되고
같은 목표를 향해 합심하는 이들도 서로에게 조금씩 감정의 변화가 생기게 되는데…
이혼 커플의 딸 결혼 반대 프로젝트는 성공할 수 있을까?');

insert into tblOverview values (19,'‘미스테리오’의 계략으로 세상에 정체가 탄로난 스파이더맨 ‘피터 파커’는
하루 아침에 평범한 일상을 잃게 된다.
문제를 해결하기 위해 ‘닥터 스트레인지’를 찾아가 도움을 청하지만
뜻하지 않게 멀티버스가 열리면서 각기 다른 차원의 불청객들이 나타난다.
‘닥터 옥토퍼스’를 비롯해 스파이더맨에게 깊은 원한을 가진 숙적들의 강력한 공격에
‘피터 파커’는 사상 최악의 위기를 맞게 되는데…');

insert into tblOverview values (20,'인간 스스로 먹잇감이 되다
동남아시아로 도피한 인터폴 수배자들을 이송할 움직이는 교도소 ‘프론티어 타이탄’.
극악무도한 이들과 베테랑 형사들이 필리핀 마닐라 항구에 모이고
탈출을 꿈꾸는 종두(서인국), 한국으로 돌아가야만 하는 도일(장동윤)을 비롯해
이들은 각자의 목적과 경계심을 품고 탑승한다.
한국으로 향하던 중, 태평양 한 가운데에서 이들에게는
지금까지 보지 못한 극한의 상황과 마주하게 되는데…
태평양 한 가운데의 지옥, 누가 살아남을 것인가?');

insert into tblOverview values (21,'땅을 둘러 싼 이웃들의 다툼,
엄마와 딸의 기이한 관계,
낙향한 청년과 괴인의 기묘한 만남,
아들 세대의 암울한 미래를 직감한 아버지의 고군분투기
불안한 사회, 불안한 사람들을 소환한 판타스틱 스릴러');

insert into tblOverview values (22,'“듄을 지배하는 자가 우주를 지배한다!”
10191년, 아트레이데스 가문의 후계자인 폴(티모시 샬라메)은 시공을 초월한 존재이자
전 우주를 구원할 예지된 자의 운명을 타고났다.
그리고 어떤 계시처럼 매일 꿈에서 아라키스 행성에 있는 한 여인을 만난다.
모래언덕을 뜻하는 ''듄''이라 불리는 아라키스는 물 한 방울 없는 사막이지만
우주에서 가장 비싼 물질인 신성한 환각제 스파이스의 유일한 생산지로 이를 차지하기 위한 전쟁이 치열하다.
황제의 명령으로 폴과 아트레이데스 가문은 죽음이 기다리는 아라키스로 향하는데…
위대한 자는 부름에 응답한다, 두려움에 맞서라, 이것은 위대한 시작이다!');

insert into tblOverview values (23,'“그려서는 안 되는 주인공이었다”
착한 성격 탓에 리얼한 악역을 그리지 못해
만년 어시스턴트에서 벗어나지 못하는 야마시로 케이고(스다 마사키)는
스케치를 하러 간 현장에서 우연히 끔찍한 일가족 살인 사건을 목격한다.
그날 자신이 목격한 살인 사건을 소재로 그린 서스펜스 만화 ‘34’가 대히트를 치며
유명 작가가 된 야마시로 앞에 팬이라고 밝힌 모로즈미(Fukase)가 접근하는데…
한편, 만화 ‘34’를 모방한 살인 사건이 벌어지고,
이를 수상히 여긴 형사 세이다 ?스케(오구리 ?)는
1년 전 살인 사건의 목격자이자 ‘34’를 그린 작가 야마시로를 찾아간다.
사상 초유의 연쇄 살인 사건!
 모방 범죄인가, 예고 살인인가?');

insert into tblOverview values (24,'한순간의 실수도 용납되지 않는 하늘 위,
가장 압도적인 비행이 시작된다!
최고의 파일럿이자 전설적인 인물 매버릭(톰 크루즈)은 자신이 졸업한 훈련학교 교관으로 발탁된다.
그의 명성을 모르던 팀원들은 매버릭의 지시를 무시하지만 실전을 방불케 하는 상공 훈련에서 눈으로 봐도 믿기 힘든 전설적인 조종 실력에 모두가 압도된다.
 매버릭의 지휘아래 견고한 팀워크를 쌓아가던 팀원들에게 국경을 뛰어넘는 위험한 임무가 주어지자
 매버릭은 자신이 가르친 동료들과 함께 마지막이 될 지 모를 하늘 위 비행에 나서는데…');

insert into tblOverview values (25,'4년 전 또 한번 할로윈의 악몽을 겪은 뒤 조용한 일상을 보내고 있는 ‘로리 스트로드’와 손녀 ‘앨리슨’.
어느 날 ‘앨리슨’은 베이비시터 살인자로 낙인 찍힌 ‘코리’와 만나게 되고 이 둘은 급격히 가까워진다.
하지만 ‘코리’에게서 ‘마이클 마이어스’와 같은 어두운 면모를 발견한 ‘로리 스트로드’는
그에게 ‘앨리슨’과 멀어지라고 경고한다.
이후 해든필드에 끔찍한 살인 사건이 벌어지면서 ‘마이클 마이어스’가 돌아왔다는 소문이 퍼지기 시작하고
‘로리 스트로드’는 이제 그와의 악연을 끊어내려 하는데…
“드디어 모든 공포는 끝난다!”');

insert into tblOverview values (26,'“와칸다를 지켜라!”
거대한 두 세계의 충돌, 운명을 건 최후의 전투가 시작된다!
국왕이자 ‘블랙 팬서’인 ''티찰라''의 죽음 이후
수많은 강대국으로부터 위협을 받게 된 ''와칸다''.
''라몬다'', ''슈리'' 그리고 ''나키아'', ''오코예, ''음바쿠''는
각자 사명감을 갖고 ''와칸다''를 지키기 위해 외로운 싸움을 이어간다.
한편, 비브라늄의 패권을 둘러싼 미스터리한 음모와 함께
깊은 해저에서 모습을 드러낸 최강의 적 ''네이머''와 ''탈로칸''의 전사들은
''와칸다''를 향해 무차별 공격을 퍼붓기 시작하는데…');

insert into tblOverview values (27,'[조직 내 숨어든 스파이를 색출하라!
‘사냥꾼’이 될 것인가, ‘사냥감’이 될 것인가!]
 망명을 신청한 북한 고위 관리를 통해 정보를 입수한
 안기부 해외팀 ‘박평호’(이정재)와 국내팀 ‘김정도’(정우성)는
 조직 내 숨어든 스파이 ‘동림’ 색출 작전을 시작한다.
 스파이를 통해 일급 기밀사항들이 유출되어 위기를 맞게 되자
 날 선 대립과 경쟁 속, 해외팀과 국내팀은 상대를 용의선상에 올려두고
 조사에 박차를 가한다.
 찾아내지 못하면 스파이로 지목이 될 위기의 상황,
 서로를 향해 맹렬한 추적을 펼치던 ‘박평호’와 ‘김정도’는 감춰진 실체에 다가서게 되고,
 마침내 ‘대한민국 1호 암살 작전’이라는 거대한 사건과 직면하게 되는데……
 하나의 목표, 두 개의 총구
 의심과 경계 속 두 남자의 신념을 건 작전이 시작된다');

insert into tblOverview values (28,'서른 살, ‘아나이스’의 인생은
오직 그녀 자신을 중심으로 숨가쁘게 돌아간다.
견고할 것만 같았던 ‘아나이스’의 세상은
그녀에게 반한 ‘다니엘’이 아닌,
그의 파트너 ‘에밀리’를 만나면서 흔들리기 시작하는데…?
본능에 몸을 맡긴 둘의 사랑엔 원칙도, 한계도 없다!');

insert into tblOverview values (29,'따뜻한 마음을 지닌 싱글맘 에이미는 생명을 위협할 수 있는 심장병을 앓고 있지만,
집중치료실 간호사로 일하며 고된 업무와 야간 근무를 감당하고 있다.
육체적, 정신적 한계에 다다른 그녀 앞에 든든한 지원군이 나타나는데,
함께 일하게 된 사려 깊고 공감력 높은 간호사 찰리.
둘은 병동에서 길고 긴 밤들을 함께 헤쳐 나가며 단단하고 끈끈한 우정을 키워나가고,
에이미는 오랫동안 잊고 있었던 자신을 향한 믿음과 어린 딸들의 장래에 대한 희망을 품게 된다.
그러나 영문을 알 수 없는 환자들의 연이은 죽음으로 수사가 시작되고 찰리가 유력한 용의자로 지목되자,
에이미는 자신의 목숨과 딸들의 안전을 걸고 진실을 파헤치기 시작한다.');

insert into tblOverview values (30,'산 정상에서 추락한 한 남자의 변사 사건.
담당 형사 ''해준''(박해일)은
사망자의 아내 ''서래''(탕웨이)와 마주하게 된다.
"산에 가서 안 오면 걱정했어요, 마침내 죽을까 봐."
남편의 죽음 앞에서 특별한 동요를 보이지 않는 ''서래''.
경찰은 보통의 유가족과는 다른 ''서래''를 용의선상에 올린다.
''해준''은 사건 당일의 알리바이 탐문과 신문,
잠복수사를 통해 ''서래''를 알아가면서
그녀에 대한 관심이 점점 커져가는 것을 느낀다.
한편, 좀처럼 속을 짐작하기 어려운 ''서래''는
상대가 자신을 의심한다는 것을 알면서도
조금의 망설임도 없이 ''해준''을 대하는데….
진심을 숨기는 용의자
용의자에게 의심과 관심을 동시에 느끼는 형사
그들의 <헤어질 결심>');

insert into tblOverview values (31,'1999년, ''용''은 첫눈에 반하게 된 ''한솔''을 사로잡기 위해
친구에게 HAM 무전기를 빌린다.
2022년, ‘무늬’는 인터뷰 과제를 위해
오래된 HAM 무전기를 작동시킨다.
"씨큐... 씨큐... 제 목소리 들리세요?"
개기 월식이 일어난 날,
시간을 뛰어넘어 기적처럼 연결된 ‘용’과 ‘무늬’는
서로의 사랑과 우정을 이야기하며 특별한 감정을 쌓아가는데...
1999 - 2022
마음을 수신합니다.');

insert into tblOverview values (32,'“나한텐 심각한 장애를 가진 아들이 있어"
작가로서의 삶을 포기한 채 선천적 지체장애를 가진 아들 현재를 돌보고 있는 민석. 소년에서 성인이 되어가는 현재가 장애인 활동지원사인 기철과 독립을 꿈꾸며 민석과 갈등을 빚게 된다. 그러던 어느 날 예기치 못한 사고로 민석의 몸에 이상이 생긴 것을 알게 되고, 현재와 가족들의 일상이 변하게 되는데…
“아빠는 점점 죽어가고 있어…”
 보통의 평범한 일상이 힘든 모든 이들을 위한 영화가 온다!
 #장애 #성(性) #존엄사 #가족');

insert into tblOverview values (33,null);

insert into tblOverview values (34,'나라의 운명을 바꿀 압도적 승리의 전투가 시작된다!
1592년 4월, 조선은 임진왜란 발발 후 단 15일 만에 왜군에 한양을 빼앗기며 절체절명의 위기에 놓인다.
조선을 단숨에 점령한 왜군은 명나라로 향하는 야망을 꿈꾸며 대규모 병역을 부산포로 집결시킨다.
한편, 이순신 장군은 연이은 전쟁의 패배와 선조마저 의주로 파천하며 수세에 몰린 상황에서도
조선을 구하기 위해 전술을 고민하며 출전을 준비한다.
하지만 앞선 전투에서 손상을 입은 거북선의 출정이 어려워지고,
거북선의 도면마저 왜군의 첩보에 의해 도난 당하게 되는데…
왜군은 연승에 힘입어 그 우세로 한산도 앞바다로 향하고,
이순신 장군은 조선의 운명을 가를 전투를 위해 필사의 전략을 준비한다.
1592년 여름, 음력 7월 8일 한산도 앞바다,
압도적인 승리가 필요한 조선의 운명을 건 지상 최고의 해전이 펼쳐진다.');

insert into tblOverview values (35,'쉿! 비밀을 지켜주세요.
유산으로 세 번째 아이를 잃고 고통 받던 케이트(베라 파미가)와 존(피터 사스가드)은 정상적인 일상을 되찾기 위해 입양을 결심하고 고아원을 찾는다. 거기서 부부는 또래보다 차분하고 영민한 아이 에스터(이사벨 펄먼)의 신비한 느낌에 이끌려 새 가족으로 받아들이고 큰 아들 대니얼(지미 베넷)과 어린 딸 맥스(아리아나 엔지니어)까지 다섯 식구의 행복한 삶을 꿈꾼다.
하지만 에스터는 외모와 달리 천사 같은 아이가 아니었다. 에스터가 가족이 된 이후부터 아이들은 뭔가 숨기는 듯 두려워하고 에스터의 오래된 성경책 속에서 정체 모를 사진들을 발견한 케이트는 이상한 기운을 느낀다. 어느 날, 에스터를 괴롭혔던 같은 반 친구가 놀이터에서 떨어지는 사고를 당하고 에스터가 범인으로 지목된다. 한편 입양을 주선한 고아원의 원장수녀가 에스터가 수상하다며 찾아왔다가 실종된 후 처참한 모습으로 숨진 채 발견된다.
 에스터를 둘러싼 의문의 사고는 계속되고 대니얼과 맥스까지 위험에 처하게 되자 케이트는 이 아이의 정체에 대한 의문을 품게 된다. 마침내 에스터의 과거를 쫓던 케이트는 생각지도 못했던 충격적인 진실을 알게 되고, 누구도 상상할 수 없는 에스터의 치명적인 비밀은 이제 서서히 가족들을 조여오기 시작하는데…');

insert into tblOverview values (36,'지상에서 가장 높은 600m 타워
내려갈 단 하나의 길이 끊겼다!
핸드폰 먹통
식량 전무
잠들면 추락
한계 초과! 압도적 스릴!
지금껏 없었던 고소공포에 전율한다!');

insert into tblOverview values (37,'KC ♥ MH
남편과 남편의 첫사랑이 목하 열애 중이었던 곳으로
나 홀로 뚝 떨어지게 된다면?
남편과 사별 후 평소 남편이 살고 싶어 했던 제주도로 이사 온 민희는
성격 좋은 동네 이웃 목하와 그의 음악하는 아들 태경을 만나 친분을 다지게 된다.
새로운 곳에서 새로운 출발, 새로운 친구가 생겼다고 생각한 순간,
목하가 남편의 첫사랑이었다는 것을 알게 되는데!
본의 아니게 상실의 아픔을 분노 게이지로 다스리게 되는 민희,
평온했던 일상 속 잊고 지냈던 오만년 전 ‘구 남친’의 기억을 강제 소환당한 목하.
두 여자의 예측 불가, 밀고 밀리는 관계가 시작된다!');

insert into tblOverview values (38,'"신을 죽이는 자, 신이 상대한다!"
슈퍼 히어로 시절이여, 안녕!
이너피스를 위해 자아 찾기 여정을 떠난 천둥의 신 ‘토르’
그러나, 우주의 모든 신들을 몰살하려는 신 도살자 ‘고르’의 등장으로
‘토르’의 안식년 계획은 산산조각 나버린다.
‘토르’는 새로운 위협에 맞서기 위해,
‘킹 발키리’, ‘코르그’, 그리고 전 여자친구 ‘제인’과 재회하게 되는데,
그녀가 묠니르를 휘두르는 ‘마이티 토르’가 되어 나타나 모두를 놀라게 한다.
이제, 팀 토르는 ‘고르’의 복수에 얽힌 미스터리를 밝히고
더 큰 전쟁을 막기 위한 전 우주적 스케일의 모험을 시작하는데...
우주 최고의 ‘갓’ 매치가 시작된다!');

insert into tblOverview values (39,'모든 것이 불타버릴 인류에 닥친 최대 위기!
지구의 운명이 걸린 거대한 불꽃 전쟁이 펼쳐진다!
불을 다스리는 돌연변이 ‘버니시’의 습격을 받은 지 30년,
한층 더 강력해진 ‘매드 버니시’가 등장하며 지구는 또 한 번 새로운 위협에 휘말리고,
이에 맞서기 위한 최정예 특수부대 ‘버닝 레스큐’가 결성된다.
“불태워도 되는 건 영혼뿐이야!”
 불타는 혼을 지닌 ‘버닝 레스큐’ 대원 ‘갈로 티모스’는
 마침내 ‘매드 버니시’의 수장 ‘리오 포티아’를 마주하게 되고
 지구의 운명을 건 두 사람의 최강 빅매치가 시작되는데…');

insert into tblOverview values (40,'“잘 먹겠습니다!”
두 남자가 만들어가는 따뜻한 행복 레시피!
도쿄에서 함께 사는 변호사 ‘시로’와 미용사 ‘켄지’에게
맛있는 식사를 하며 일상을 나누는 저녁시간은 가장 소중한 순간이다.
어느 날, ‘켄지’의 생일을 맞아 교토 여행을 가게 된 두 사람.
여행 중 ‘시로’는 말하지 못했던 비밀을 고백하고,
그날 이후 둘 사이엔 묘한 변화가 생기는데…
 두 사람의 맛있는 일상은 영원할 수 있을까?');

insert into tblOverview values (41,'중년의 여인이 무주 시외버스 터미널에서 내린다. 그녀는 마을길을 지나 숲으로 들어간다. 숲 어디선가 방울 소리가 들리고 여인은 자신이 목적지에 도착했음을 느낀다. 여인은 죽음 너머 삶의 흔적들을 찾기 시작한다. 한편, 서울에서 학교를 마치고 고향인 무주로 돌아와, 군청에서 일하며 혼자가 된 엄마와 살고 있는 민재. 엄마는 민재가 다시 고향으로 돌아온 것이 못마땅하다. 민재의 오랜 고향 친구이자 애인인 태규는 편찮으신 할머니를 간병하며 조부모의 오래된 집을 지키면서 살고 있다. 어느 날 한동안 연락이 끊겼던 대학 친구 경윤이 민재를 찾아온다.
떠난 사람들과 남은 사람들 그리고 다시 돌아온 사람들. 당신을 위로할 두 가지 아름다운 이야기');

insert into tblOverview values (42,'오렌지족, BMW, 삐삐, 락카페, 데낄라...
사랑도 성공도 시속 180km로 멀어지는 불안했지만 폼나던 그때 그 X세대가 다시 온다!
28년 만에 리마스터링으로 돌아온 그 시절 그 남자, 젊은 남자');

insert into tblOverview values (43,'"탑승을 환영합니다" 승차는 자유, 하차는 불가?!
초고속 열차에서 벌어지는 ''레이디버그’(브래드 피트)와 고스펙 킬러들의 피 튀기는 전쟁!
운이 없기로 유명한 킬러 ''레이디버그’(브래드 피트)는 초고속 열차에 탑승해
의문의 서류 가방을 가져오라는 미션을 받는다. 생각보다 쉽게 미션을 클리어한 후 열차에서
내리려는 그를 가로막는 것이 있었으니, 그것은 바로 전세계에서 몰려든 초특급 킬러들!
열차에서 내릴 수 없다면 목숨을 걸고 가방을 지켜야만 한다.
과연 ''레이디버그''는 무사히 열차에서 내려 미션을 완수할 수 있을까?
누구도 멈출 수 없는 논스톱 액션 블록버스터 <불릿 트레인>에 탑승하라!');

insert into tblOverview values (44,'할아버지 댁으로 휴가를 떠난 차탄과 가족들!
그곳에서 만난 매력만점의 새로운 친구 ‘삼순’과 함께 즐거운 시간을 보낸다.
그때, 할아버지가 키운 명품 수박들이 사라지는 사건이 일어나고
범인은 바로 마을에 자리 잡은 수상한 마술단?
그들이 노리는 것은 바로 수박 에너지!
지구 정복을 노리는 수상한 마술단에 맞서
차탄과 카봇 그리고 새로운 친구 ‘삼순’은
초특급 한판 승부를 벌이게 되는데…!
전설의 펜타스톰X와 함께
더 강력하게! 더 화려하게 돌아왔다!');

insert into tblOverview values (45,'서른네 번째 생일을 맞은 창문 청소부 ‘존’,
살 날이 얼마 남지 않은 그에게는 마지막으로 할 일이 있다.
바로 네 살짜리 아들 ‘마이클’에게 새로운 부모를 찾아주는 것.
세상에 혼자 남을 아이를 위해 ‘존’은 특별한 부모를 찾는 여정을 시작한다.
“아직 어리지만, 말도 잘 듣고 예절도 잘 지켜요.
내 아이를 키워줄, 새 부모를 찾습니다”');

insert into tblOverview values (46,'소음이 커지는 순간 폭.발.한.다
물이 끓는 주전자 소리, 창문 여는 소리, 놀이터 아이들의 웃음 소리…
잠시 후, 거대한 굉음과 함께 단독 주택이 폭발했다는 뉴스 속보가 전해진다.
그리고, 뉴스를 지켜보던 전직 해군 부함장(김래원)에게 걸려온 전화
“소음이 커지면 터집니다. 다음 타깃은 축구 경기장이에요” 
사태를 파악할 겨를도 없이, 관중들로 가득 찬 축구 경기장을
다음 테러의 타깃으로 지목하는 폭탄 설계자(이종석) 
소음이 커지는 순간 폭발하는 특수 폭탄의 위협은 계속되고,
사상 최대의 도심 폭탄 테러를 막기 위해 모든 비밀을 손에 쥔 폭탄 설계자를 찾아야만 하는데… 
도심 한복판에서 벌어지는 사운드 테러 액션
오늘 반드시 이 폭발을 막아야만 한다!');

insert into tblOverview values (47,'가장 위험한 마법에 맞선, 세상을 구할 전쟁이 시작된다!
1930년대, 제2차 세계대전에 마법사들이 개입하게 되면서
강력한 어둠의 마법사 그린델왈드의 힘이 급속도로 커진다.
덤블도어는 뉴트 스캐맨더에게 위대한 마법사 가문 후손,
마법학교의 유능한 교사, 머글 등으로 이루어진 팀에게 임무를 맡긴다.
이에 뉴트와 친구들은 머글과의 전쟁을 선포한
그린델왈드와 추종자들, 그의 위험한 신비한 동물들에 맞서 세상을 구할 거대한 전쟁에 나선다.
한편 전쟁의 위기가 최고조로 달한 상황 속에서 덤블도어는
더 이상 방관자로 머물 수 없는 순간을 맞이하고, 서서히 숨겨진 비밀이 드러나는데…');

insert into tblOverview values (48,'14년의 세월을 지나 깨어난 신지는, 미사토 등 전 네르프 대원들이 결성한 반네르프 조직 "빌레"의 전함 AAA 분더에 있다. 초호기에서 발견된 것은 신지 혼자였고, 아야나미 레이는 없었다. 하지만 신지 탈환을 위해 급습해 온 에반게리온 마크 나인으로부터 레이의 목소리를 들은 신지는 분더를 떠나 네르프로 향한다. 그곳에서 만난 나기사 카오루는 신지에게 변해버린 대지의 모습을 보여주고, 신지는 레이를 구한 것이 지구에 대재앙을 가져온 “니어 서드 임팩트”를 초래했다는 것을 알게 된다.');

insert into tblOverview values (49,'“안녕, 모든 에반게리온”
‘에반게리온’ 신극장판 시리즈의 제4부이자 완결편
미사토가 이끄는 반네르프 조직 ‘빌레’는 코어화로 붉게 물든 파리 구시가에 있다.
기함 AAA 분더에서 선발대가 강하하여, 남겨져 있던 봉인주에 안착한다.
복원 작전의 작업 가능 시간은 고작 720초.
결사의 작전 수행 중 ‘네르프’의 EVA가 대량으로 무리를 이루고 접근하여,
마리의 개(改) 8호기가 요격을 개시한다.
한편 신지, 아스카, 아야나미 레이 (가칭) 세 사람은 일본의 대지를 떠돌고 있다…….');

insert into tblOverview values (50,'자신에게 집착하는 엄마 때문에
전부였던 음악을 놓아버린 DJ 이나
길을 걷다 우연히 들려온 비트에
디제잉을 다시 하기로 결심하고
베를린에 갈 수 있는 오디션에 참가하는데…

"두려워도 도망치진 않을 거야"');


-- 평점

insert into tblRating values(1,9.25,5.67);
insert into tblRating values(2,8.28,8.14);
insert into tblRating values(3,8.05,null);
insert into tblRating values(4,8.55,5.50);
insert into tblRating values(5,6.51,5.00);
insert into tblRating values(6,6.16,7.00);
insert into tblRating values(7,5.81,4.00);
insert into tblRating values(8,6.00,5.75);
insert into tblRating values(9,7.73,5.00);
insert into tblRating values(10,null,null);
insert into tblRating values(11,9.38,7.00);
insert into tblRating values(12,7.34,5.00);
insert into tblRating values(13,8.59,6.00);
insert into tblRating values(14,9.22,3.67);
insert into tblRating values(15,null,null);
insert into tblRating values(16,null,null);
insert into tblRating values(17,6.82,6.00);
insert into tblRating values(18,8.14,6.00);
insert into tblRating values(19,8.97,null);
insert into tblRating values(20,4.41,4.00);
insert into tblRating values(21,6.45,6.50);
insert into tblRating values(22,7.96,7.56);
insert into tblRating values(23,8.48,5.00);
insert into tblRating values(24,9.76,8.44);
insert into tblRating values(25,5.93,null);
insert into tblRating values(26,null,null);
insert into tblRating values(27,8.38,7.18);
insert into tblRating values(28,8.29,7.00);
insert into tblRating values(29,9.83,null);
insert into tblRating values(30,8.68,8.71);
insert into tblRating values(31,null,null);
insert into tblRating values(32,9.45,6.50);
insert into tblRating values(33,null,null);
insert into tblRating values(34,8.76,6.89);
insert into tblRating values(35,8.37,4.94);
insert into tblRating values(36,null,null);
insert into tblRating values(37,8.75,null);
insert into tblRating values(38,6.40,5.14);
insert into tblRating values(39,10.00,6.00);
insert into tblRating values(40,9.15,6.00);
insert into tblRating values(41,6.55,7.17);
insert into tblRating values(42,7.46,7.00);
insert into tblRating values(43,6.93,5.50);
insert into tblRating values(44,8.41,null);
insert into tblRating values(45,8.55,6.50);
insert into tblRating values(46,null,null);
insert into tblRating values(47,6.49,5.67);
insert into tblRating values(48,8.15,null);
insert into tblRating values(49,7.05,7.50);
insert into tblRating values(50,8.13,5.75);


-- 감독

insert into tblDirector values (1,'최국희','별빛이 내린다');
insert into tblDirector values (2,'다니엘 콴','에브리씽 에브리웨어 올 앳 원스');
insert into tblDirector values (3,'자움 콜렛 세라','블랙 아담');
insert into tblDirector values (4,'이석훈','공조2: 인터내셔날');
insert into tblDirector values (5,'윌리엄 브렌트 벨','오펀: 천사의 탄생');
insert into tblDirector values (6,'이한종','대무가');
insert into tblDirector values (7,'이연우','컴백홈');
insert into tblDirector values (8,'장유정','정직한 후보2');
insert into tblDirector values (9,'파커 핀','스마일');
insert into tblDirector values (10,'이일형','리멤버(');
insert into tblDirector values (11,'타카하시 와타루','극장판 짱구는 못말려: 수수께끼! 꽃피는 천하떡잎학교');
insert into tblDirector values (12,'탁세웅','귀못');
insert into tblDirector values (13,'박규태','육사오(6/45)');
insert into tblDirector values (14,'김정욱','사잇소리');
insert into tblDirector values (15,'윤종석','자백');
insert into tblDirector values (16,'안태진','올빼미');
insert into tblDirector values (17,'김진영','미혹');
insert into tblDirector values (18,'올 파커','티켓 투 파라다이스(');
insert into tblDirector values (19,'존 왓츠','스파이더맨: 노 웨이 홈 ''펀버전''');
insert into tblDirector values (20,'김홍선','늑대사냥');
insert into tblDirector values (21,'이탁,','기기묘묘');
insert into tblDirector values (22,'드니 빌뇌브','듄');
insert into tblDirector values (23,'나가이 아키라','캐릭터');
insert into tblDirector values (24,'조셉 코신스키','스파이더헤드');
insert into tblDirector values (25,'데이빗 고든 그린','할로윈 앤즈');
insert into tblDirector values (26,'라이언 쿠글러','블랙 팬서: 와칸다 포에버');
insert into tblDirector values (27,'이정재','헌트');
insert into tblDirector values (28,'샬린 부르주아-타케트','아나이스 인 러브');
insert into tblDirector values (29,'토비아스 린드홈','그 남자, 좋은 간호사');
insert into tblDirector values (30,'박찬욱','헤어질 결심');
insert into tblDirector values (31,'서은영','동감');
insert into tblDirector values (32,'최익환','나를 죽여줘');
insert into tblDirector values (33,'제임스 카메론','아바타 5');
insert into tblDirector values (34,'김한민','노량: 죽음의 바다');
insert into tblDirector values (35,'자움 콜렛 세라','블랙 아담');
insert into tblDirector values (36,'스콧 만','폴: 600미터');
insert into tblDirector values (37,'이영아','낮과 달');
insert into tblDirector values (38,'타이카 와이티티','토르: 러브 앤 썬더');
insert into tblDirector values (39,'이마이시 히로유키','프로메어');
insert into tblDirector values (40,'카즈히토 나카에','어제 뭐 먹었어? - 극장판');
insert into tblDirector values (41,'김종관','어나더 레코드');
insert into tblDirector values (42,'배창호','여행');
insert into tblDirector values (43,'데이빗 레이치','불릿 트레인');
insert into tblDirector values (44,'최신규','극장판 헬로카봇: 수상한 마술단의 비밀');
insert into tblDirector values (45,'우베르토 파솔리니','노웨어 스페셜');
insert into tblDirector values (46,'황인호','데시벨');
insert into tblDirector values (47,'데이빗 예이츠','신비한 동물사전 5');
insert into tblDirector values (48,'안노 히데아키','신 에반게리온 극장판');
insert into tblDirector values (49,'안노 히데아키','신 에반게리온 극장판');
insert into tblDirector values (50,'정원희','둠둠');


-- 장르 상세

insert into tblGenreInfo values (1, 1, 1);
insert into tblGenreInfo values (2, 2, 2);
insert into tblGenreInfo values (3, 3, 2);
insert into tblGenreInfo values (4, 4, 2);
insert into tblGenreInfo values (5, 5, 6);
insert into tblGenreInfo values (6, 6, 8);
insert into tblGenreInfo values (7, 7, 3);
insert into tblGenreInfo values (8, 8, 3);
insert into tblGenreInfo values (9, 9, 9);
insert into tblGenreInfo values (10, 10, 8);
insert into tblGenreInfo values (11, 11, 10);
insert into tblGenreInfo values (12, 12, 6);
insert into tblGenreInfo values (13, 13, 3);
insert into tblGenreInfo values (14, 14, 7);
insert into tblGenreInfo values (15, 15, 14);
insert into tblGenreInfo values (16, 16, 14);
insert into tblGenreInfo values (17, 17, 11);
insert into tblGenreInfo values (18, 18, 12);
insert into tblGenreInfo values (19, 19, 2);
insert into tblGenreInfo values (20, 20, 2);
insert into tblGenreInfo values (21, 21, 6);
insert into tblGenreInfo values (22, 22, 4);
insert into tblGenreInfo values (23, 23, 7);
insert into tblGenreInfo values (24, 24, 2);
insert into tblGenreInfo values (25, 25, 6);
insert into tblGenreInfo values (26, 26, 4);
insert into tblGenreInfo values (27, 27, 2);
insert into tblGenreInfo values (28, 28, 12);
insert into tblGenreInfo values (29, 29, 7);
insert into tblGenreInfo values (30, 30, 12);
insert into tblGenreInfo values (31, 31, 12);
insert into tblGenreInfo values (32, 32, 8);
insert into tblGenreInfo values (33, 33, 5);
insert into tblGenreInfo values (34, 34, 2);
insert into tblGenreInfo values (35, 35, 9);
insert into tblGenreInfo values (36, 36, 7);
insert into tblGenreInfo values (37, 37, 8);
insert into tblGenreInfo values (38, 38, 2);
insert into tblGenreInfo values (39, 39, 10);
insert into tblGenreInfo values (40, 40, 8);
insert into tblGenreInfo values (41, 41, 8);
insert into tblGenreInfo values (42, 42, 8);
insert into tblGenreInfo values (43, 43, 2);
insert into tblGenreInfo values (44, 44, 10);
insert into tblGenreInfo values (45, 45, 8);
insert into tblGenreInfo values (46, 46, 2);
insert into tblGenreInfo values (47, 47, 13);
insert into tblGenreInfo values (48, 48, 10);
insert into tblGenreInfo values (49, 49, 10);
insert into tblGenreInfo values (50, 50, 8);


-- 장르

insert into tblM_Genre values (1, '뮤지컬');
insert into tblM_Genre values (2, '액션');
insert into tblM_Genre values (3, '코미디');
insert into tblM_Genre values (4, '모험');
insert into tblM_Genre values (5, 'SF');
insert into tblM_Genre values (6, '공포');
insert into tblM_Genre values (7, '스릴러');
insert into tblM_Genre values (8, '드라마');
insert into tblM_Genre values (9, '미스터리');
insert into tblM_Genre values (10, '애니메이션');
insert into tblM_Genre values (11, '서스펜스');
insert into tblM_Genre values (12, '멜로/로맨스');
insert into tblM_Genre values (13, '가족');
insert into tblM_Genre values (14, '범죄');


-- 배급사

insert into tbldCompany values (1, '롯데엔터테인먼트');
insert into tbldCompany values (2, '워터홀컴퍼니(주)');
insert into tbldCompany values (3, '워너 브러더스 코리아(주)');
insert into tbldCompany values (4, 'CJ ENM');
insert into tbldCompany values (5, '메가박스중앙(주)');
insert into tbldCompany values (6, '판씨네마(주)');
insert into tbldCompany values (7, '(주)제이앤씨미디어그룹');
insert into tbldCompany values (8, '(주)NEW');
insert into tbldCompany values (9, '(주) 에이스메이커무비웍스');
insert into tbldCompany values (10, '와이드 릴리즈(주)');
insert into tbldCompany values (11, '씨나몬(주)홈초이스');
insert into tbldCompany values (12, '싸이더스');
insert into tbldCompany values (13, '(주)드림팩트엔터테인먼트');
insert into tbldCompany values (14, '(주)엔케이컨텐츠');
insert into tbldCompany values (15, '유니버셜픽쳐스');
insert into tbldCompany values (16, '소니픽처스코리아');
insert into tbldCompany values (17, 'TCO(주)더콘텐츠온');
insert into tbldCompany values (18, '필름다빈');
insert into tbldCompany values (19, '트윈플러스파트너스(주)');
insert into tbldCompany values (20, '월트 디즈니 컴퍼니 코리아');
insert into tbldCompany values (21, '메가박스중앙(주)플러스엠');
insert into tbldCompany values (22, '해피송');
insert into tbldCompany values (23, 'CJ CGV');
insert into tbldCompany values (24, '(주)트리플픽쳐스');
insert into tbldCompany values (25, '(주)스튜디오 디에이치엘');
insert into tbldCompany values (26, '찬란');
insert into tbldCompany values (27, '(주)이놀미디어');
insert into tbldCompany values (28, '(주)디오시네마');
insert into tbldCompany values (29, '(주)스튜디오보난자');
insert into tbldCompany values (30, '그린나래미디어(주)');
insert into tbldCompany values (31, '마인드마크');
insert into tbldCompany values (32, '(주)라이크콘텐츠');
insert into tbldCompany values (33, '영화사 진진');


-- 제작진 상세

insert into tblStaffInfo values (1,1,1);
insert into tblStaffInfo values (2,2,2);
insert into tblStaffInfo values (3,3,3);
insert into tblStaffInfo values (4,4,4);
insert into tblStaffInfo values (5,5,5);
insert into tblStaffInfo values (6,6,6);
insert into tblStaffInfo values (7,7,7);
insert into tblStaffInfo values (8, 8,8);
insert into tblStaffInfo values (9, 9, 9);
insert into tblStaffInfo values (10, 10, 10);
insert into tblStaffInfo values (11, 11, 11);
insert into tblStaffInfo values (12, 12, 12);
insert into tblStaffInfo values (13, 13, 13);
insert into tblStaffInfo values (14, 14, 14);
insert into tblStaffInfo values (15, 15, 15);
insert into tblStaffInfo values (16, 16, 16);
insert into tblStaffInfo values (17, 17, 17);
insert into tblStaffInfo values (18, 18, 18);
insert into tblStaffInfo values (19, 19, 19);
insert into tblStaffInfo values (20, 20, 20);
insert into tblStaffInfo values (21, 21, 21);
insert into tblStaffInfo values (22, 22, 22);
insert into tblStaffInfo values (23, 23, 23);
insert into tblStaffInfo values (24, 24, 24);
insert into tblStaffInfo values (25, 25, 25);
insert into tblStaffInfo values (26, 26, 26);
insert into tblStaffInfo values (27, 27, 27);
insert into tblStaffInfo values (28, 28, 28);
insert into tblStaffInfo values (29, 29, 29);
insert into tblStaffInfo values (30, 30, 30);
insert into tblStaffInfo values (31, 31, 31);
insert into tblStaffInfo values (32, 32, 32);
insert into tblStaffInfo values (33, 33, 33);
insert into tblStaffInfo values (34, 34, 34);
insert into tblStaffInfo values (35, 35, 35);
insert into tblStaffInfo values (36, 36, 36);
insert into tblStaffInfo values (37, 37, 37);
insert into tblStaffInfo values (38, 38, 38);
insert into tblStaffInfo values (39, 39, 39);
insert into tblStaffInfo values (40, 40, 40);
insert into tblStaffInfo values (41, 41, 41);
insert into tblStaffInfo values (42, 42, 42);
insert into tblStaffInfo values (43, 43, 43);
insert into tblStaffInfo values (44, 44, 44);
insert into tblStaffInfo values (45, 45, 45);
insert into tblStaffInfo values (46, 46, 46);
insert into tblStaffInfo values (47, 47, 47);
insert into tblStaffInfo values (48, 48, 48);
insert into tblStaffInfo values (49, 49, 49);
insert into tblStaffInfo values (50, 50, 50);


-- 제작진

insert into tblM_Staff values(1,'배세영', '각본');
insert into tblM_Staff values(2,'조 루소', '제작');
insert into tblM_Staff values(3, '애덤 스치키엘', '각본');
insert into tblM_Staff values(4, '임성순', '각본');
insert into tblM_Staff values(5, '데이빗 코게쉘', '각본');
insert into tblM_Staff values(6, '이한종', '각본');
insert into tblM_Staff values(7, null, null);
insert into tblM_Staff values(8, '박하나', '각본');
insert into tblM_Staff values(9, null, null);
insert into tblM_Staff values(10, null, null);
insert into tblM_Staff values(11, '우스이 요시토', '원작자');
insert into tblM_Staff values(12, null, null);
insert into tblM_Staff values(13, '박규태', '각본');
insert into tblM_Staff values(14, null, null);
insert into tblM_Staff values(15, null, null);
insert into tblM_Staff values(16, null, null);
insert into tblM_Staff values(17, null, null);
insert into tblM_Staff values(18, null, null);
insert into tblM_Staff values(19, null, null);
insert into tblM_Staff values(20, '김홍선', '각본');
insert into tblM_Staff values(21, null, null);
insert into tblM_Staff values(22, '에릭 로스', '각본');
insert into tblM_Staff values(23, '나가사키 타카시', '각본');
insert into tblM_Staff values(24, '피터 크레이그', '각본');
insert into tblM_Staff values(25, '데이빗 고든 그린', '각본');
insert into tblM_Staff values(26, '라이언 쿠글러', '각본');
insert into tblM_Staff values(27, '이정재', '각본');
insert into tblM_Staff values(28, null, null);
insert into tblM_Staff values(29, null, null);
insert into tblM_Staff values(30, '정서경', '각본');
insert into tblM_Staff values(31, '서은영', '각본');
insert into tblM_Staff values(32, null, null);
insert into tblM_Staff values(33, '제임스 카메론', '각본');
insert into tblM_Staff values(34, '김한민', '각본');
insert into tblM_Staff values(35, '데이비드 레슬리 존슨-맥골드릭', '각본');   
insert into tblM_Staff values(36, '조나단 프랭크', '각본');
insert into tblM_Staff values(37, null, null);
insert into tblM_Staff values(38, '타이카 와이티티', '각본');
insert into tblM_Staff values(39, '나카시마 카즈키', '각본');
insert into tblM_Staff values(40, null, null);
insert into tblM_Staff values(41, '지윤정', '촬영');
insert into tblM_Staff values(42, '배병호', '각본');
insert into tblM_Staff values(43, '잭 올케비츠', '각본');
insert into tblM_Staff values(44, null, null);
insert into tblM_Staff values(45, null, null);
insert into tblM_Staff values(46, '황인호', '각본');
insert into tblM_Staff values(47, '조앤 K.롤링', '각본');
insert into tblM_Staff values(48, '안노 히데아키', '각본');
insert into tblM_Staff values(49, '안노 히데아키', '각본');
insert into tblM_Staff values(50, '정원희', '각본');


-- 상영 현황

insert into tblScreen values (1, '상영중');
insert into tblScreen values (2, '상영중');
insert into tblScreen values (3, '상영중');
insert into tblScreen values (4, '상영중');
insert into tblScreen values (5, '상영중');
insert into tblScreen values (6, '상영중');
insert into tblScreen values (7, '상영중');
insert into tblScreen values (8, '상영중');
insert into tblScreen values (9, '상영중');
insert into tblScreen values (10, '개봉예정 D-6');
insert into tblScreen values (11, '상영중');
insert into tblScreen values (12, '상영중');
insert into tblScreen values (13, '상영중');
insert into tblScreen values (14, '상영중');
insert into tblScreen values (15, '개봉예정 D-6');
insert into tblScreen values (16, null);
insert into tblScreen values (17, '상영중');
insert into tblScreen values (18, '상영중');
insert into tblScreen values (19, '상영중');
insert into tblScreen values (20, '상영중');
insert into tblScreen values (21, '상영중');
insert into tblScreen values (22, null);
insert into tblScreen values (23, '상영중');
insert into tblScreen values (24, '상영중');
insert into tblScreen values (25, '상영중');
insert into tblScreen values (26, null);
insert into tblScreen values (27, '상영중');
insert into tblScreen values (28, '상영중');
insert into tblScreen values (29,'상영중');
insert into tblScreen values (30,'상영중');
insert into tblScreen values (31, null);
insert into tblScreen values (32, '상영중');
insert into tblScreen values (33, null);
insert into tblScreen values (34, '상영중');
insert into tblScreen values (35, null);
insert into tblScreen values (36, null);
insert into tblScreen values (37, '상영중');
insert into tblScreen values (38, null);
insert into tblScreen values (39, '상영중');
insert into tblScreen values (40, '상영중');
insert into tblScreen values (41, '상영중');
insert into tblScreen values (42, '상영중');
insert into tblScreen values (43, null);
insert into tblScreen values (44, '상영중');
insert into tblScreen values (45, null);
insert into tblScreen values (46, null);
insert into tblScreen values (47, null);
insert into tblScreen values (48, null);
insert into tblScreen values (49, '상영중');
insert into tblScreen values (50, '상영중');


-- 성별 관람 추이

insert into tblM_Gender values (1, 49, 51, 1);
insert into tblM_Gender values (2, 62, 38, 2);
insert into tblM_Gender values (3, 75, 25, 3);
insert into tblM_Gender values (4, 49, 51, 4);
insert into tblM_Gender values (5, 60, 40, 5);
insert into tblM_Gender values (6, 57, 43, 6);
insert into tblM_Gender values (7, 62, 38, 7);
insert into tblM_Gender values (8, 44, 56, 8);
insert into tblM_Gender values (9, 61, 39, 9);
insert into tblM_Gender values (10, null, null, 10);
insert into tblM_Gender values (11, 46, 54, 11);
insert into tblM_Gender values (12, null, null, 12);
insert into tblM_Gender values (13, 51, 49, 13);
insert into tblM_Gender values (14, 33, 67, 14);
insert into tblM_Gender values (15, null, null, 15);
insert into tblM_Gender values (16, null, null, 16);
insert into tblM_Gender values (17, 73, 27, 17);
insert into tblM_Gender values (18, 49, 51, 18);
insert into tblM_Gender values (19, 55, 45, 19);
insert into tblM_Gender values (20, 52, 48, 20);
insert into tblM_Gender values (21, 56, 44, 21);
insert into tblM_Gender values (22, 46, 54, 22);
insert into tblM_Gender values (23, 54, 46, 23);
insert into tblM_Gender values (24, 62, 38, 24);
insert into tblM_Gender values (25, 100, 0, 25);
insert into tblM_Gender values (26, null, null, 26);
insert into tblM_Gender values (27, 57, 43, 27);
insert into tblM_Gender values (28, 71, 29, 28);
insert into tblM_Gender values (29, 100, 0, 29);
insert into tblM_Gender values (30, 48, 52, 30);
insert into tblM_Gender values (31, null, null, 31);
insert into tblM_Gender values (32, 25, 75, 32);
insert into tblM_Gender values (33, null, null, 33);
insert into tblM_Gender values (34, 57, 43, 34);
insert into tblM_Gender values (35, null, null, 35);
insert into tblM_Gender values (36, null, null, 36);
insert into tblM_Gender values (37, 100, 0, 37);
insert into tblM_Gender values (38, 59, 41, 38);
insert into tblM_Gender values (39, null, null, 39);
insert into tblM_Gender values (40, 20, 80, 40);
insert into tblM_Gender values (41, 78, 22,41);
insert into tblM_Gender values (42, 80, 20, 42);
insert into tblM_Gender values (43, 63, 37, 43);
insert into tblM_Gender values (44, 58, 42, 44);
insert into tblM_Gender values (45, 48, 52, 45);
insert into tblM_Gender values (46, null, null, 46);
insert into tblM_Gender values (47, 46, 54, 47);
insert into tblM_Gender values (48, 50, 50, 48);
insert into tblM_Gender values (49, 76, 24, 49);
insert into tblM_Gender values (50, 71, 29, 50);


-- 나이 관람추이

insert into tblAgeView values(1, 3, 28, 37, 23, 9,  1);
insert into tblAgeView values(2, 3, 43, 34, 15, 5,  2);
insert into tblAgeView values(3, 5, 37, 37, 22, 0,  3);
insert into tblAgeView values(4, 3, 34, 35, 20, 8,  4);
insert into tblAgeView values(5, 2, 31, 40, 19, 8,  5);
insert into tblAgeView values(6, 2, 24, 29, 36, 10, 6);
insert into tblAgeView values(7, 1, 25, 37, 25, 13, 7);
insert into tblAgeView values(8, 2, 37, 35, 17, 9,  8);
insert into tblAgeView values(9, 1, 30, 45, 20, 4,  9);
insert into tblAgeView values(10, null, null, null, null, null,10);
insert into tblAgeView values(11, 8, 48, 28, 8, 6, 11);
insert into tblAgeView values(12, null, null, null, null, null, 12);
insert into tblAgeView values(13, 3, 34, 36, 19, 7, 13);
insert into tblAgeView values(14, 0, 33, 0, 67, 0, 14);
insert into tblAgeView values(15, null, null, null, null, null, 15);
insert into tblAgeView values(16, null, null, null, null, null, 16);
insert into tblAgeView values(17,  0, 18 , 55, 27, 0, 17);
insert into tblAgeView values(18, 1, 31, 38, 21, 9,18);
insert into tblAgeView values(19, 3, 46, 27, 22, 2, 19);
insert into tblAgeView values(20, 1, 33, 37, 23, 7, 20);
insert into tblAgeView values(21, 0, 33, 44, 22, 0, 21);
insert into tblAgeView values(22, 3, 47, 35, 12, 3, 22);
insert into tblAgeView values(23, 7, 27, 40, 13, 13, 23);
insert into tblAgeView values(24, 3, 34, 37, 20, 6, 24);
insert into tblAgeView values(25, 0, 67, 0, 33, 0,  25);
insert into tblAgeView values(26, null, null, null, null, null, 26);
insert into tblAgeView values(27, 3, 32, 39, 19, 7, 27);
insert into tblAgeView values(28, 14, 71, 14, 0, 0, 28);
insert into tblAgeView values(29, 0, 100, 0, 0, 0,  29);
insert into tblAgeView values(30, 4, 40, 35, 14, 6, 30);
insert into tblAgeView values(31, null, null, null, null, null, 31);
insert into tblAgeView values(32, 0, 0, 20, 80, 0, 32);
insert into tblAgeView values(33, null, null, null, null, null, 33);
insert into tblAgeView values(34, 2, 31, 38, 21, 7, 34);
insert into tblAgeView values(35, null, null, null, null, null, 35);
insert into tblAgeView values(36, null, null, null, null, null, 36);
insert into tblAgeView values(37, 0, 0, 0, 100, 0, 37);
insert into tblAgeView values(38, 3, 39, 38, 16, 4, 38);
insert into tblAgeView values(39, null, null, null, null, null, 39);
insert into tblAgeView values(40, 0, 40, 20, 0, 40, 40);
insert into tblAgeView values(41, 0, 26, 37, 19, 19, 41);
insert into tblAgeView values(42, 0, 0, 100, 0, 0, 42);
insert into tblAgeView values(43, 1, 32, 38, 20, 9, 43);
insert into tblAgeView values(44, 2, 42, 41, 11, 5, 44);
insert into tblAgeView values(45, 2, 42, 41, 11, 5, 45);
insert into tblAgeView values(46, null, null, null, null, null, 46);
insert into tblAgeView values(47, 2, 44, 36, 12, 5, 47);
insert into tblAgeView values(48, 0, 42, 25, 25, 8, 48);
insert into tblAgeView values(49, 2, 26, 42, 26, 4, 49);
insert into tblAgeView values(50, 0, 36, 29, 26, 10, 50);